{
  "name": "student",
  "metrics": {
    "train_loss": [],
    "train_accuracy": [],
    "val_loss": [],
    "val_accuracy": []
  },
  "accuracy": 0.5938,
  "confusion": [
    [
      682.0,
      24.0,
      98.0,
      32.0,
      21.0,
      0.0,
      3.0,
      12.0,
      111.0,
      17.0
    ],
    [
      48.0,
      714.0,
      11.0,
      43.0,
      5.0,
      0.0,
      19.0,
      2.0,
      103.0,
      55.0
    ],
    [
      78.0,
      5.0,
      509.0,
      171.0,
      106.0,
      19.0,
      62.0,
      26.0,
      18.0,
      6.0
    ],
    [
      16.0,
      19.0,
      117.0,
      564.0,
      68.0,
      72.0,
      80.0,
      40.0,
      8.0,
      16.0
    ],
    [
      29.0,
      4.0,
      181.0,
      101.0,
      535.0,
      6.0,
      68.0,
      60.0,
      15.0,
      1.0
    ],
    [
      7.0,
      6.0,
      75.0,
      425.0,
      67.0,
      318.0,
      21.0,
      57.0,
      10.0,
      14.0
    ],
    [
      8.0,
      18.0,
      99.0,
      157.0,
      62.0,
      3.0,
      638.0,
      7.0,
      6.0,
      2.0
    ],
    [
      13.0,
      8.0,
      46.0,
      128.0,
      135.0,
      30.0,
      2.0,
      610.0,
      4.0,
      24.0
    ],
    [
      95.0,
      41.0,
      33.0,
      29.0,
      8.0,
      1.0,
      4.0,
      5.0,
      768.0,
      16.0
    ],
    [
      68.0,
      148.0,
      10.0,
      63.0,
      13.0,
      5.0,
      5.0,
      24.0,
      64.0,
      600.0
    ]
  ],
  "classRecall": [
    0.6819999814033508,
    0.7139999866485596,
    0.5090000033378601,
    0.5640000104904175,
    0.5350000262260437,
    0.3179999887943268,
    0.6380000114440918,
    0.6100000143051147,
    0.7680000066757202,
    0.6000000238418579
  ],
  "classPrecision": [
    0.6532567143440247,
    0.7234042286872864,
    0.4317218065261841,
    0.3292469382286072,
    0.5245097875595093,
    0.700440526008606,
    0.707317054271698,
    0.7236061692237854,
    0.6937669515609741,
    0.7989347577095032
  ],
  "classes": [
    "plane",
    "car",
    "bird",
    "cat",
    "deer",
    "dog",
    "frog",
    "horse",
    "ship",
    "truck"
  ]
}