{
  "name": "student",
  "metrics": {
    "train_loss": [],
    "train_accuracy": [],
    "val_loss": [],
    "val_accuracy": []
  },
  "accuracy": 0.624,
  "confusion": [
    [
      719.0,
      30.0,
      29.0,
      39.0,
      31.0,
      5.0,
      7.0,
      21.0,
      89.0,
      30.0
    ],
    [
      21.0,
      794.0,
      1.0,
      26.0,
      3.0,
      4.0,
      8.0,
      3.0,
      34.0,
      106.0
    ],
    [
      116.0,
      10.0,
      385.0,
      182.0,
      119.0,
      72.0,
      50.0,
      36.0,
      24.0,
      6.0
    ],
    [
      17.0,
      18.0,
      44.0,
      556.0,
      64.0,
      179.0,
      57.0,
      32.0,
      16.0,
      17.0
    ],
    [
      23.0,
      8.0,
      90.0,
      93.0,
      536.0,
      70.0,
      50.0,
      117.0,
      10.0,
      3.0
    ],
    [
      18.0,
      11.0,
      40.0,
      340.0,
      37.0,
      485.0,
      16.0,
      44.0,
      2.0,
      7.0
    ],
    [
      10.0,
      20.0,
      45.0,
      147.0,
      59.0,
      25.0,
      677.0,
      6.0,
      9.0,
      2.0
    ],
    [
      13.0,
      8.0,
      10.0,
      87.0,
      62.0,
      103.0,
      4.0,
      683.0,
      3.0,
      27.0
    ],
    [
      79.0,
      58.0,
      15.0,
      34.0,
      15.0,
      3.0,
      2.0,
      6.0,
      761.0,
      27.0
    ],
    [
      40.0,
      137.0,
      2.0,
      62.0,
      17.0,
      9.0,
      4.0,
      34.0,
      51.0,
      644.0
    ]
  ],
  "classRecall": [
    0.718999981880188,
    0.7940000295639038,
    0.38499999046325684,
    0.5559999942779541,
    0.5360000133514404,
    0.48500001430511475,
    0.6769999861717224,
    0.6830000281333923,
    0.7609999775886536,
    0.6439999938011169
  ],
  "classPrecision": [
    0.6808711886405945,
    0.7257769703865051,
    0.582450807094574,
    0.3550446927547455,
    0.5683987140655518,
    0.5078533887863159,
    0.7737143039703369,
    0.6955193281173706,
    0.7617617845535278,
    0.741081714630127
  ],
  "classes": [
    "plane",
    "car",
    "bird",
    "cat",
    "deer",
    "dog",
    "frog",
    "horse",
    "ship",
    "truck"
  ]
}