{
  "name": "student",
  "metrics": {
    "train_loss": [],
    "train_accuracy": [],
    "val_loss": [],
    "val_accuracy": []
  },
  "accuracy": 0.5984,
  "confusion": [
    [
      576.0,
      21.0,
      134.0,
      11.0,
      42.0,
      1.0,
      9.0,
      36.0,
      87.0,
      83.0
    ],
    [
      16.0,
      689.0,
      14.0,
      13.0,
      6.0,
      0.0,
      11.0,
      5.0,
      56.0,
      190.0
    ],
    [
      52.0,
      9.0,
      573.0,
      96.0,
      104.0,
      21.0,
      65.0,
      51.0,
      10.0,
      19.0
    ],
    [
      13.0,
      17.0,
      140.0,
      451.0,
      74.0,
      72.0,
      101.0,
      72.0,
      7.0,
      53.0
    ],
    [
      21.0,
      13.0,
      160.0,
      69.0,
      505.0,
      10.0,
      81.0,
      118.0,
      10.0,
      13.0
    ],
    [
      5.0,
      4.0,
      129.0,
      308.0,
      66.0,
      317.0,
      33.0,
      96.0,
      12.0,
      30.0
    ],
    [
      6.0,
      17.0,
      87.0,
      90.0,
      72.0,
      6.0,
      682.0,
      11.0,
      3.0,
      26.0
    ],
    [
      7.0,
      5.0,
      46.0,
      60.0,
      67.0,
      36.0,
      8.0,
      723.0,
      2.0,
      46.0
    ],
    [
      94.0,
      48.0,
      45.0,
      38.0,
      12.0,
      0.0,
      4.0,
      16.0,
      680.0,
      63.0
    ],
    [
      20.0,
      91.0,
      11.0,
      18.0,
      5.0,
      5.0,
      9.0,
      23.0,
      30.0,
      788.0
    ]
  ],
  "classRecall": [
    0.5759999752044678,
    0.6890000104904175,
    0.5730000138282776,
    0.45100000500679016,
    0.5049999952316284,
    0.31700000166893005,
    0.6819999814033508,
    0.7229999899864197,
    0.6800000071525574,
    0.7879999876022339
  ],
  "classPrecision": [
    0.7111111283302307,
    0.753829300403595,
    0.4279312789440155,
    0.39081457257270813,
    0.5299055576324463,
    0.6773504018783569,
    0.6799601316452026,
    0.6281494498252869,
    0.7580825090408325,
    0.6010679006576538
  ],
  "classes": [
    "plane",
    "car",
    "bird",
    "cat",
    "deer",
    "dog",
    "frog",
    "horse",
    "ship",
    "truck"
  ]
}