{
  "name": "student",
  "metrics": {
    "train_loss": [],
    "train_accuracy": [],
    "val_loss": [],
    "val_accuracy": []
  },
  "accuracy": 0.5984,
  "confusion": [
    [
      785.0,
      28.0,
      42.0,
      23.0,
      17.0,
      5.0,
      1.0,
      3.0,
      58.0,
      38.0
    ],
    [
      37.0,
      804.0,
      5.0,
      18.0,
      7.0,
      4.0,
      7.0,
      9.0,
      23.0,
      86.0
    ],
    [
      130.0,
      12.0,
      447.0,
      120.0,
      100.0,
      112.0,
      30.0,
      19.0,
      19.0,
      11.0
    ],
    [
      45.0,
      23.0,
      86.0,
      471.0,
      57.0,
      221.0,
      32.0,
      19.0,
      10.0,
      36.0
    ],
    [
      61.0,
      6.0,
      126.0,
      104.0,
      563.0,
      48.0,
      26.0,
      52.0,
      9.0,
      5.0
    ],
    [
      18.0,
      9.0,
      78.0,
      243.0,
      62.0,
      529.0,
      10.0,
      24.0,
      7.0,
      20.0
    ],
    [
      22.0,
      22.0,
      78.0,
      208.0,
      76.0,
      30.0,
      546.0,
      5.0,
      8.0,
      5.0
    ],
    [
      25.0,
      12.0,
      37.0,
      54.0,
      105.0,
      160.0,
      2.0,
      561.0,
      5.0,
      39.0
    ],
    [
      170.0,
      75.0,
      29.0,
      18.0,
      7.0,
      6.0,
      2.0,
      3.0,
      653.0,
      37.0
    ],
    [
      55.0,
      172.0,
      10.0,
      39.0,
      11.0,
      11.0,
      6.0,
      25.0,
      46.0,
      625.0
    ]
  ],
  "classRecall": [
    0.7850000262260437,
    0.8040000200271606,
    0.44699999690055847,
    0.47099998593330383,
    0.5630000233650208,
    0.5289999842643738,
    0.5460000038146973,
    0.5609999895095825,
    0.652999997138977,
    0.625
  ],
  "classPrecision": [
    0.5823442339897156,
    0.6913155913352966,
    0.4765458405017853,
    0.36286595463752747,
    0.5601990222930908,
    0.4698046147823334,
    0.8247734308242798,
    0.7791666388511658,
    0.7792362570762634,
    0.6929046511650085
  ],
  "classes": [
    "plane",
    "car",
    "bird",
    "cat",
    "deer",
    "dog",
    "frog",
    "horse",
    "ship",
    "truck"
  ]
}