{
  "name": "model",
  "metrics": {
    "train_loss": [
      3.656427623873407,
      3.0953786352818664,
      4.46480348164385,
      3.484535574913025,
      8.021842506798832,
      3.3357382531870496,
      128.5830971327695,
      140.98425424098969,
      110.54422787102786,
      163.8673794486306,
      147.13809414343402,
      118.12984710389918,
      150.63156269897115,
      154.17237982966682,
      142.2064589478753,
      122.90991439602591,
      140.951723261313,
      121.08111900633031,
      153.9174017797817
    ],
    "train_accuracy": [
      0.10402222222222222,
      0.10368888888888889,
      0.1056,
      0.10297777777777778,
      0.10633333333333334,
      0.10375555555555556,
      0.11155555555555556,
      0.11157777777777778,
      0.1112888888888889,
      0.11115555555555555,
      0.11117777777777778,
      0.11104444444444445,
      0.11051111111111112,
      0.11162222222222222,
      0.11104444444444445,
      0.11004444444444444,
      0.10597777777777778,
      0.10573333333333333,
      0.1063111111111111
    ],
    "val_loss": [
      6.295123571157456,
      3.3471721351146697,
      8.056302773952485,
      4.527101790904998,
      13.432903909683228,
      4.321064859628677,
      112.31956834793091,
      138.3933108329773,
      97.56125831604004,
      150.85753602981566,
      142.35266494750977,
      115.18817596435547,
      143.8713282585144,
      144.89207096099852,
      135.57665805816652,
      106.97399654388428,
      129.77243509292603,
      107.51810026168823,
      136.2731065750122
    ],
    "val_accuracy": [
      0.1044,
      0.1048,
      0.1032,
      0.1062,
      0.1008,
      0.1064,
      0.117,
      0.1164,
      0.1164,
      0.1172,
      0.116,
      0.114,
      0.1156,
      0.1176,
      0.1134,
      0.1146,
      0.1084,
      0.1082,
      0.1084
    ]
  },
  "accuracy": 0.1058,
  "confusion": [
    [
      166.0,
      834.0,
      0.0,
      0.0,
      0.0,
      0.0,
      0.0,
      0.0,
      0.0,
      0.0
    ],
    [
      108.0,
      892.0,
      0.0,
      0.0,
      0.0,
      0.0,
      0.0,
      0.0,
      0.0,
      0.0
    ],
    [
      416.0,
      584.0,
      0.0,
      0.0,
      0.0,
      0.0,
      0.0,
      0.0,
      0.0,
      0.0
    ],
    [
      440.0,
      560.0,
      0.0,
      0.0,
      0.0,
      0.0,
      0.0,
      0.0,
      0.0,
      0.0
    ],
    [
      546.0,
      454.0,
      0.0,
      0.0,
      0.0,
      0.0,
      0.0,
      0.0,
      0.0,
      0.0
    ],
    [
      505.0,
      495.0,
      0.0,
      0.0,
      0.0,
      0.0,
      0.0,
      0.0,
      0.0,
      0.0
    ],
    [
      625.0,
      375.0,
      0.0,
      0.0,
      0.0,
      0.0,
      0.0,
      0.0,
      0.0,
      0.0
    ],
    [
      527.0,
      473.0,
      0.0,
      0.0,
      0.0,
      0.0,
      0.0,
      0.0,
      0.0,
      0.0
    ],
    [
      45.0,
      955.0,
      0.0,
      0.0,
      0.0,
      0.0,
      0.0,
      0.0,
      0.0,
      0.0
    ],
    [
      136.0,
      864.0,
      0.0,
      0.0,
      0.0,
      0.0,
      0.0,
      0.0,
      0.0,
      0.0
    ]
  ],
  "classRecall": [
    0.16599999368190765,
    0.8920000195503235,
    0.0,
    0.0,
    0.0,
    0.0,
    0.0,
    0.0,
    0.0,
    0.0
  ],
  "classPrecision": [
    0.04723961278796196,
    0.1375269740819931,
    NaN,
    NaN,
    NaN,
    NaN,
    NaN,
    NaN,
    NaN,
    NaN
  ],
  "classes": [
    "plane",
    "car",
    "bird",
    "cat",
    "deer",
    "dog",
    "frog",
    "horse",
    "ship",
    "truck"
  ]
}