{
  "name": "distillation",
  "metrics": {
    "train_loss": [],
    "train_accuracy": [],
    "val_loss": [],
    "val_accuracy": []
  },
  "accuracy": 0.7545,
  "confusion": [
    [
      885.0,
      5.0,
      7.0,
      30.0,
      7.0,
      17.0,
      2.0,
      11.0,
      20.0,
      16.0
    ],
    [
      45.0,
      842.0,
      4.0,
      11.0,
      0.0,
      20.0,
      0.0,
      4.0,
      12.0,
      62.0
    ],
    [
      116.0,
      1.0,
      615.0,
      68.0,
      54.0,
      87.0,
      31.0,
      22.0,
      3.0,
      3.0
    ],
    [
      28.0,
      0.0,
      30.0,
      595.0,
      38.0,
      255.0,
      32.0,
      17.0,
      2.0,
      3.0
    ],
    [
      30.0,
      2.0,
      50.0,
      75.0,
      720.0,
      57.0,
      22.0,
      38.0,
      6.0,
      0.0
    ],
    [
      23.0,
      0.0,
      31.0,
      134.0,
      15.0,
      755.0,
      10.0,
      29.0,
      2.0,
      1.0
    ],
    [
      20.0,
      4.0,
      29.0,
      83.0,
      28.0,
      49.0,
      781.0,
      3.0,
      1.0,
      2.0
    ],
    [
      23.0,
      1.0,
      10.0,
      63.0,
      39.0,
      87.0,
      1.0,
      770.0,
      0.0,
      6.0
    ],
    [
      117.0,
      23.0,
      8.0,
      19.0,
      2.0,
      17.0,
      4.0,
      5.0,
      788.0,
      17.0
    ],
    [
      58.0,
      69.0,
      4.0,
      27.0,
      2.0,
      14.0,
      2.0,
      10.0,
      20.0,
      794.0
    ]
  ],
  "classRecall": [
    0.8849999904632568,
    0.8420000076293945,
    0.6150000095367432,
    0.5950000286102295,
    0.7200000286102295,
    0.7549999952316284,
    0.781000018119812,
    0.7699999809265137,
    0.7879999876022339,
    0.7940000295639038
  ],
  "classPrecision": [
    0.6579925417900085,
    0.8891235589981079,
    0.7804568409919739,
    0.5384615659713745,
    0.7955800890922546,
    0.5559646487236023,
    0.8824858665466309,
    0.8470847010612488,
    0.9227166175842285,
    0.8783186078071594
  ],
  "classes": [
    "plane",
    "car",
    "bird",
    "cat",
    "deer",
    "dog",
    "frog",
    "horse",
    "ship",
    "truck"
  ]
}