{
  "name": "model",
  "metrics": {
    "train_loss": [
      0.6428391979160634,
      0.7747952690009366,
      0.7562590067020871,
      0.6869152852080085,
      0.49643703088672325,
      0.512638624291867
    ],
    "train_accuracy": [
      0.7857111111111111,
      0.7618444444444444,
      0.7845777777777778,
      0.8129555555555555,
      0.8592,
      0.8586222222222222
    ],
    "val_loss": [
      0.7129601925611496,
      0.9608320534229279,
      0.9980486113578081,
      0.9859475277364254,
      0.9629377901554108,
      1.0028636485338212
    ],
    "val_accuracy": [
      0.7596,
      0.7182,
      0.7294,
      0.743,
      0.763,
      0.7498
    ]
  },
  "accuracy": 0.736,
  "confusion": [
    [
      984.0,
      1.0,
      0.0,
      3.0,
      2.0,
      1.0,
      1.0,
      0.0,
      6.0,
      2.0
    ],
    [
      203.0,
      684.0,
      0.0,
      1.0,
      1.0,
      2.0,
      9.0,
      0.0,
      25.0,
      75.0
    ],
    [
      242.0,
      0.0,
      625.0,
      27.0,
      55.0,
      20.0,
      26.0,
      4.0,
      1.0,
      0.0
    ],
    [
      123.0,
      1.0,
      49.0,
      578.0,
      41.0,
      73.0,
      110.0,
      5.0,
      12.0,
      8.0
    ],
    [
      51.0,
      1.0,
      28.0,
      26.0,
      826.0,
      7.0,
      46.0,
      10.0,
      2.0,
      3.0
    ],
    [
      51.0,
      0.0,
      38.0,
      171.0,
      27.0,
      642.0,
      56.0,
      11.0,
      1.0,
      3.0
    ],
    [
      39.0,
      0.0,
      29.0,
      8.0,
      13.0,
      2.0,
      899.0,
      0.0,
      8.0,
      2.0
    ],
    [
      52.0,
      2.0,
      12.0,
      74.0,
      87.0,
      46.0,
      17.0,
      690.0,
      4.0,
      16.0
    ],
    [
      361.0,
      8.0,
      1.0,
      0.0,
      3.0,
      1.0,
      4.0,
      0.0,
      615.0,
      7.0
    ],
    [
      136.0,
      16.0,
      0.0,
      8.0,
      0.0,
      1.0,
      3.0,
      0.0,
      19.0,
      817.0
    ]
  ],
  "classRecall": [
    0.984000027179718,
    0.6840000152587891,
    0.625,
    0.578000009059906,
    0.8259999752044678,
    0.6420000195503235,
    0.8989999890327454,
    0.6899999976158142,
    0.6150000095367432,
    0.8169999718666077
  ],
  "classPrecision": [
    0.4388938546180725,
    0.9593268036842346,
    0.7992327213287354,
    0.6450892686843872,
    0.7829383611679077,
    0.8075471520423889,
    0.7677199244499207,
    0.9583333134651184,
    0.887445867061615,
    0.8756698966026306
  ],
  "classes": [
    "plane",
    "car",
    "bird",
    "cat",
    "deer",
    "dog",
    "frog",
    "horse",
    "ship",
    "truck"
  ]
}