{
  "name": "student",
  "metrics": {
    "train_loss": [],
    "train_accuracy": [],
    "val_loss": [],
    "val_accuracy": []
  },
  "accuracy": 0.5901,
  "confusion": [
    [
      725.0,
      12.0,
      30.0,
      70.0,
      21.0,
      8.0,
      4.0,
      11.0,
      96.0,
      23.0
    ],
    [
      48.0,
      726.0,
      4.0,
      38.0,
      8.0,
      6.0,
      13.0,
      5.0,
      63.0,
      89.0
    ],
    [
      112.0,
      3.0,
      366.0,
      219.0,
      84.0,
      116.0,
      52.0,
      15.0,
      28.0,
      5.0
    ],
    [
      28.0,
      12.0,
      41.0,
      460.0,
      39.0,
      308.0,
      73.0,
      13.0,
      14.0,
      12.0
    ],
    [
      35.0,
      2.0,
      110.0,
      155.0,
      491.0,
      53.0,
      77.0,
      59.0,
      14.0,
      4.0
    ],
    [
      4.0,
      4.0,
      42.0,
      237.0,
      31.0,
      613.0,
      28.0,
      30.0,
      7.0,
      4.0
    ],
    [
      6.0,
      8.0,
      44.0,
      145.0,
      28.0,
      34.0,
      721.0,
      3.0,
      6.0,
      5.0
    ],
    [
      16.0,
      6.0,
      19.0,
      99.0,
      97.0,
      173.0,
      8.0,
      567.0,
      3.0,
      12.0
    ],
    [
      111.0,
      31.0,
      17.0,
      45.0,
      8.0,
      7.0,
      5.0,
      4.0,
      745.0,
      27.0
    ],
    [
      81.0,
      167.0,
      4.0,
      98.0,
      13.0,
      34.0,
      21.0,
      36.0,
      59.0,
      487.0
    ]
  ],
  "classRecall": [
    0.7250000238418579,
    0.7260000109672546,
    0.3659999966621399,
    0.46000000834465027,
    0.4909999966621399,
    0.6129999756813049,
    0.7210000157356262,
    0.5669999718666077,
    0.7450000047683716,
    0.4869999885559082
  ],
  "classPrecision": [
    0.6217838525772095,
    0.7476828098297119,
    0.5406203866004944,
    0.29374203085899353,
    0.5987805128097534,
    0.4534023702144623,
    0.7195608615875244,
    0.7631224989891052,
    0.7198067903518677,
    0.7290419340133667
  ],
  "classes": [
    "plane",
    "car",
    "bird",
    "cat",
    "deer",
    "dog",
    "frog",
    "horse",
    "ship",
    "truck"
  ]
}