{
  "name": "student",
  "metrics": {
    "train_loss": [],
    "train_accuracy": [],
    "val_loss": [],
    "val_accuracy": []
  },
  "accuracy": 0.5655,
  "confusion": [
    [
      694.0,
      35.0,
      99.0,
      9.0,
      22.0,
      0.0,
      8.0,
      27.0,
      69.0,
      37.0
    ],
    [
      42.0,
      751.0,
      14.0,
      20.0,
      10.0,
      0.0,
      22.0,
      3.0,
      39.0,
      99.0
    ],
    [
      128.0,
      5.0,
      609.0,
      69.0,
      48.0,
      37.0,
      62.0,
      27.0,
      8.0,
      7.0
    ],
    [
      38.0,
      17.0,
      215.0,
      382.0,
      44.0,
      131.0,
      95.0,
      33.0,
      25.0,
      20.0
    ],
    [
      53.0,
      10.0,
      290.0,
      55.0,
      350.0,
      27.0,
      90.0,
      114.0,
      10.0,
      1.0
    ],
    [
      27.0,
      11.0,
      196.0,
      273.0,
      31.0,
      364.0,
      29.0,
      42.0,
      9.0,
      18.0
    ],
    [
      17.0,
      15.0,
      161.0,
      86.0,
      28.0,
      10.0,
      672.0,
      6.0,
      3.0,
      2.0
    ],
    [
      29.0,
      9.0,
      96.0,
      65.0,
      59.0,
      88.0,
      14.0,
      610.0,
      3.0,
      27.0
    ],
    [
      205.0,
      77.0,
      53.0,
      15.0,
      6.0,
      2.0,
      7.0,
      6.0,
      605.0,
      24.0
    ],
    [
      62.0,
      176.0,
      23.0,
      34.0,
      10.0,
      6.0,
      13.0,
      15.0,
      43.0,
      618.0
    ]
  ],
  "classRecall": [
    0.6940000057220459,
    0.7509999871253967,
    0.609000027179718,
    0.38199999928474426,
    0.3499999940395355,
    0.36399999260902405,
    0.671999990940094,
    0.6100000143051147,
    0.6050000190734863,
    0.6179999709129333
  ],
  "classPrecision": [
    0.5359073281288147,
    0.6790235042572021,
    0.3468109369277954,
    0.3789682686328888,
    0.5756579041481018,
    0.5473684072494507,
    0.6640316247940063,
    0.6908267140388489,
    0.7432432174682617,
    0.7245017290115356
  ],
  "classes": [
    "plane",
    "car",
    "bird",
    "cat",
    "deer",
    "dog",
    "frog",
    "horse",
    "ship",
    "truck"
  ]
}