{
  "name": "model",
  "metrics": {
    "train_loss": [
      6.554140329699624,
      9.197320696135813,
      11.703201782297004,
      47.887835735285826,
      14.838337840173732,
      7.4556753163818605,
      21.814425783993844,
      0.7086710024794395,
      0.5365138347683982,
      0.5223607385361736,
      0.37634545551951637,
      0.35251041467894206,
      0.3239646137438037,
      0.3167745282619514,
      0.2848405256782743,
      0.2584859212352471,
      0.18192877383394676,
      0.1606260462325405,
      0.23436126275919378,
      0.20167073979973793,
      0.17284745301797308,
      0.15546032397965479,
      0.14793053675781598,
      0.08278254340720279,
      0.17834115064364264,
      0.09742441329978067,
      0.167904428799044,
      0.1455295759210871,
      0.10381940210936591,
      0.10062613245099783,
      0.12401416584510695
    ],
    "train_accuracy": [
      0.5598444444444445,
      0.6385111111111111,
      0.6920666666666667,
      0.6942444444444444,
      0.7311111111111112,
      0.7487111111111111,
      0.7492888888888889,
      0.7579777777777778,
      0.8160444444444445,
      0.8312,
      0.8631555555555556,
      0.8805333333333333,
      0.8897555555555555,
      0.8905111111111111,
      0.905,
      0.9075333333333333,
      0.9437333333333333,
      0.9500888888888889,
      0.9254666666666667,
      0.93,
      0.9463111111111111,
      0.9527111111111111,
      0.9528444444444445,
      0.9753555555555555,
      0.9404,
      0.9740222222222222,
      0.9392222222222222,
      0.9718888888888889,
      0.9766,
      0.9701777777777778,
      0.9630888888888889
    ],
    "val_loss": [
      4.9186228781938555,
      5.088292494416237,
      8.49522952735424,
      52.041583658754824,
      8.233777699619532,
      7.693464449048042,
      46.46939825415611,
      1.0334015548229218,
      0.9738259926438332,
      0.9615605887025594,
      0.8696243435144424,
      0.9519610732793808,
      0.8852893158793449,
      1.0107139974832535,
      1.01896897777915,
      1.013329665362835,
      0.9997912913560867,
      0.9778914839029312,
      1.0238088458776473,
      1.0511300563812256,
      0.8920129157602787,
      1.0670730501413346,
      1.0352354504168033,
      0.9748804673552514,
      1.2487306207418443,
      0.9469474032521248,
      0.9167839229106903,
      0.9024489089846611,
      1.0057116367155685,
      0.9883104734122753,
      1.2336898259818554
    ],
    "val_accuracy": [
      0.5308,
      0.5986,
      0.6438,
      0.6468,
      0.68,
      0.6824,
      0.683,
      0.691,
      0.7196,
      0.7314,
      0.7396,
      0.7396,
      0.7504,
      0.736,
      0.7478,
      0.7388,
      0.7586,
      0.7668,
      0.755,
      0.7664,
      0.774,
      0.7778,
      0.7758,
      0.7868,
      0.773,
      0.7984,
      0.7758,
      0.7932,
      0.7966,
      0.7948,
      0.785
    ]
  },
  "accuracy": 0.79,
  "confusion": [
    [
      829.0,
      8.0,
      28.0,
      10.0,
      10.0,
      2.0,
      2.0,
      5.0,
      85.0,
      21.0
    ],
    [
      27.0,
      841.0,
      4.0,
      9.0,
      1.0,
      3.0,
      3.0,
      1.0,
      26.0,
      85.0
    ],
    [
      62.0,
      1.0,
      723.0,
      65.0,
      69.0,
      17.0,
      22.0,
      18.0,
      20.0,
      3.0
    ],
    [
      14.0,
      9.0,
      58.0,
      668.0,
      28.0,
      140.0,
      24.0,
      32.0,
      13.0,
      14.0
    ],
    [
      13.0,
      2.0,
      67.0,
      45.0,
      759.0,
      38.0,
      17.0,
      50.0,
      8.0,
      1.0
    ],
    [
      5.0,
      0.0,
      48.0,
      196.0,
      31.0,
      683.0,
      4.0,
      22.0,
      5.0,
      6.0
    ],
    [
      7.0,
      3.0,
      49.0,
      70.0,
      47.0,
      26.0,
      782.0,
      6.0,
      4.0,
      6.0
    ],
    [
      9.0,
      1.0,
      26.0,
      33.0,
      38.0,
      39.0,
      3.0,
      845.0,
      2.0,
      4.0
    ],
    [
      33.0,
      17.0,
      10.0,
      9.0,
      6.0,
      7.0,
      3.0,
      3.0,
      898.0,
      14.0
    ],
    [
      24.0,
      42.0,
      5.0,
      14.0,
      4.0,
      7.0,
      1.0,
      8.0,
      23.0,
      872.0
    ]
  ],
  "classRecall": [
    0.8289999961853027,
    0.8410000205039978,
    0.7229999899864197,
    0.6679999828338623,
    0.7590000033378601,
    0.6830000281333923,
    0.7820000052452087,
    0.8450000286102295,
    0.8980000019073486,
    0.871999979019165
  ],
  "classPrecision": [
    0.8103616833686829,
    0.9101731777191162,
    0.7102161049842834,
    0.5969615578651428,
    0.7643504738807678,
    0.709979236125946,
    0.9082462191581726,
    0.8535353541374207,
    0.8284133076667786,
    0.8499025106430054
  ],
  "classes": [
    "plane",
    "car",
    "bird",
    "cat",
    "deer",
    "dog",
    "frog",
    "horse",
    "ship",
    "truck"
  ]
}