{
  "name": "model",
  "metrics": {
    "train_loss": [
      39.098945587196134,
      16.091501699760556,
      29.436061579056762,
      83.80373764139685,
      37.112707639536396,
      129.32675593447956,
      328.86298160458153,
      15.134807299314575,
      79.57835982502861,
      144.676482740959,
      87.66594395921989,
      425.57770571248096,
      30.7612691572444,
      137.18046507112342,
      219.40142369134858,
      92.42991442284124,
      103.94502081010829
    ],
    "train_accuracy": [
      0.5323555555555556,
      0.6172444444444445,
      0.6612888888888889,
      0.699,
      0.7328666666666667,
      0.7124666666666667,
      0.7189555555555556,
      0.6976,
      0.7012444444444444,
      0.7203555555555555,
      0.7057555555555556,
      0.7154444444444444,
      0.7109333333333333,
      0.7172444444444445,
      0.7383777777777778,
      0.6892444444444444,
      0.7151555555555555
    ],
    "val_loss": [
      39.214937976002695,
      10.922532594203949,
      28.718524891138077,
      66.40914900004864,
      15.71017740815878,
      123.89075862206519,
      207.39351820796728,
      16.81152236275375,
      67.48808369636535,
      96.83606852442026,
      89.68234530240298,
      258.14987605810165,
      14.982928490638733,
      127.06973579078912,
      104.2347164452076,
      94.12082195281982,
      124.26635055691004
    ],
    "val_accuracy": [
      0.5074,
      0.5824,
      0.626,
      0.6428,
      0.6584,
      0.658,
      0.6664,
      0.6538,
      0.656,
      0.6632,
      0.654,
      0.6714,
      0.6644,
      0.6624,
      0.668,
      0.658,
      0.6676
    ]
  },
  "accuracy": 0.6575,
  "confusion": [
    [
      771.0,
      41.0,
      52.0,
      10.0,
      18.0,
      2.0,
      10.0,
      21.0,
      44.0,
      31.0
    ],
    [
      10.0,
      837.0,
      1.0,
      3.0,
      3.0,
      1.0,
      17.0,
      8.0,
      31.0,
      89.0
    ],
    [
      82.0,
      20.0,
      625.0,
      31.0,
      61.0,
      14.0,
      111.0,
      39.0,
      10.0,
      7.0
    ],
    [
      28.0,
      29.0,
      119.0,
      436.0,
      24.0,
      84.0,
      159.0,
      74.0,
      14.0,
      33.0
    ],
    [
      31.0,
      10.0,
      183.0,
      61.0,
      423.0,
      5.0,
      140.0,
      123.0,
      13.0,
      11.0
    ],
    [
      12.0,
      9.0,
      128.0,
      189.0,
      31.0,
      406.0,
      119.0,
      89.0,
      1.0,
      16.0
    ],
    [
      16.0,
      19.0,
      70.0,
      16.0,
      25.0,
      5.0,
      821.0,
      15.0,
      4.0,
      9.0
    ],
    [
      14.0,
      9.0,
      36.0,
      35.0,
      31.0,
      12.0,
      19.0,
      827.0,
      4.0,
      13.0
    ],
    [
      154.0,
      75.0,
      26.0,
      11.0,
      24.0,
      1.0,
      14.0,
      13.0,
      640.0,
      42.0
    ],
    [
      37.0,
      98.0,
      3.0,
      6.0,
      9.0,
      2.0,
      11.0,
      30.0,
      15.0,
      789.0
    ]
  ],
  "classRecall": [
    0.7710000276565552,
    0.8370000123977661,
    0.625,
    0.4359999895095825,
    0.4230000078678131,
    0.4059999883174896,
    0.8209999799728394,
    0.8270000219345093,
    0.6399999856948853,
    0.7889999747276306
  ],
  "classPrecision": [
    0.6675324440002441,
    0.7297297120094299,
    0.5028157830238342,
    0.5463659167289734,
    0.6517719626426697,
    0.7631579041481018,
    0.5777621269226074,
    0.6674737930297852,
    0.8247422575950623,
    0.7586538195610046
  ],
  "classes": [
    "plane",
    "car",
    "bird",
    "cat",
    "deer",
    "dog",
    "frog",
    "horse",
    "ship",
    "truck"
  ]
}