{
  "name": "model",
  "metrics": {
    "train_loss": [],
    "train_accuracy": [],
    "val_loss": [],
    "val_accuracy": []
  },
  "accuracy": 0.6682,
  "confusion": [
    [
      0.0,
      22.0,
      279.0,
      24.0,
      70.0,
      2.0,
      13.0,
      20.0,
      449.0,
      121.0
    ],
    [
      0.0,
      774.0,
      8.0,
      8.0,
      4.0,
      2.0,
      7.0,
      4.0,
      23.0,
      170.0
    ],
    [
      0.0,
      1.0,
      681.0,
      53.0,
      106.0,
      41.0,
      44.0,
      32.0,
      28.0,
      14.0
    ],
    [
      0.0,
      5.0,
      74.0,
      562.0,
      73.0,
      147.0,
      51.0,
      45.0,
      13.0,
      30.0
    ],
    [
      0.0,
      2.0,
      79.0,
      50.0,
      726.0,
      20.0,
      23.0,
      79.0,
      12.0,
      9.0
    ],
    [
      0.0,
      5.0,
      68.0,
      157.0,
      62.0,
      593.0,
      15.0,
      85.0,
      3.0,
      12.0
    ],
    [
      0.0,
      5.0,
      70.0,
      56.0,
      60.0,
      25.0,
      757.0,
      3.0,
      9.0,
      15.0
    ],
    [
      0.0,
      0.0,
      30.0,
      28.0,
      44.0,
      37.0,
      3.0,
      830.0,
      2.0,
      26.0
    ],
    [
      0.0,
      27.0,
      13.0,
      17.0,
      9.0,
      2.0,
      3.0,
      4.0,
      880.0,
      45.0
    ],
    [
      0.0,
      50.0,
      8.0,
      9.0,
      5.0,
      3.0,
      5.0,
      17.0,
      24.0,
      879.0
    ]
  ],
  "classRecall": [
    0.0,
    0.7739999890327454,
    0.6809999942779541,
    0.5619999766349792,
    0.7260000109672546,
    0.5929999947547913,
    0.7570000290870667,
    0.8299999833106995,
    0.8799999952316284,
    0.8790000081062317
  ],
  "classPrecision": [
    NaN,
    0.868686854839325,
    0.5198473334312439,
    0.5829875469207764,
    0.6264020800590515,
    0.6800458431243896,
    0.8219326734542847,
    0.7417336702346802,
    0.6098406314849854,
    0.6654049754142761
  ],
  "classes": [
    "plane",
    "car",
    "bird",
    "cat",
    "deer",
    "dog",
    "frog",
    "horse",
    "ship",
    "truck"
  ]
}