{
  "name": "model",
  "metrics": {
    "train_loss": [],
    "train_accuracy": [],
    "val_loss": [],
    "val_accuracy": []
  },
  "accuracy": 0.6762,
  "confusion": [
    [
      0.0,
      19.0,
      410.0,
      29.0,
      25.0,
      1.0,
      13.0,
      10.0,
      476.0,
      17.0
    ],
    [
      0.0,
      822.0,
      7.0,
      10.0,
      4.0,
      2.0,
      12.0,
      5.0,
      41.0,
      97.0
    ],
    [
      0.0,
      1.0,
      625.0,
      63.0,
      120.0,
      52.0,
      69.0,
      37.0,
      29.0,
      4.0
    ],
    [
      0.0,
      2.0,
      70.0,
      569.0,
      59.0,
      158.0,
      70.0,
      52.0,
      13.0,
      7.0
    ],
    [
      0.0,
      1.0,
      60.0,
      62.0,
      723.0,
      16.0,
      50.0,
      75.0,
      11.0,
      2.0
    ],
    [
      0.0,
      3.0,
      52.0,
      179.0,
      52.0,
      615.0,
      22.0,
      67.0,
      5.0,
      5.0
    ],
    [
      0.0,
      3.0,
      34.0,
      43.0,
      30.0,
      18.0,
      860.0,
      7.0,
      4.0,
      1.0
    ],
    [
      0.0,
      0.0,
      27.0,
      37.0,
      47.0,
      36.0,
      8.0,
      832.0,
      5.0,
      8.0
    ],
    [
      0.0,
      24.0,
      13.0,
      21.0,
      4.0,
      3.0,
      3.0,
      2.0,
      913.0,
      17.0
    ],
    [
      0.0,
      59.0,
      11.0,
      17.0,
      11.0,
      1.0,
      11.0,
      18.0,
      69.0,
      803.0
    ]
  ],
  "classRecall": [
    0.0,
    0.8220000267028809,
    0.625,
    0.5690000057220459,
    0.7229999899864197,
    0.6150000095367432,
    0.8600000143051147,
    0.8320000171661377,
    0.9129999876022339,
    0.8029999732971191
  ],
  "classPrecision": [
    NaN,
    0.8800856471061707,
    0.4774637222290039,
    0.5524271726608276,
    0.6725581288337708,
    0.6818181872367859,
    0.7692307829856873,
    0.7529411911964417,
    0.5830140709877014,
    0.8355879187583923
  ],
  "classes": [
    "plane",
    "car",
    "bird",
    "cat",
    "deer",
    "dog",
    "frog",
    "horse",
    "ship",
    "truck"
  ]
}