{
  "name": "model",
  "metrics": {
    "train_loss": [],
    "train_accuracy": [],
    "val_loss": [],
    "val_accuracy": []
  },
  "accuracy": 0.6052,
  "confusion": [
    [
      0.0,
      31.0,
      357.0,
      27.0,
      23.0,
      1.0,
      12.0,
      17.0,
      449.0,
      83.0
    ],
    [
      0.0,
      808.0,
      7.0,
      14.0,
      2.0,
      2.0,
      10.0,
      5.0,
      53.0,
      99.0
    ],
    [
      0.0,
      3.0,
      667.0,
      77.0,
      68.0,
      61.0,
      51.0,
      18.0,
      39.0,
      16.0
    ],
    [
      0.0,
      12.0,
      124.0,
      507.0,
      42.0,
      174.0,
      61.0,
      27.0,
      23.0,
      30.0
    ],
    [
      0.0,
      4.0,
      150.0,
      77.0,
      560.0,
      28.0,
      55.0,
      93.0,
      26.0,
      7.0
    ],
    [
      0.0,
      5.0,
      95.0,
      253.0,
      34.0,
      532.0,
      19.0,
      46.0,
      11.0,
      5.0
    ],
    [
      0.0,
      9.0,
      92.0,
      90.0,
      21.0,
      34.0,
      743.0,
      2.0,
      7.0,
      2.0
    ],
    [
      0.0,
      6.0,
      50.0,
      66.0,
      66.0,
      91.0,
      7.0,
      664.0,
      11.0,
      39.0
    ],
    [
      0.0,
      61.0,
      24.0,
      15.0,
      5.0,
      0.0,
      1.0,
      4.0,
      869.0,
      21.0
    ],
    [
      0.0,
      194.0,
      8.0,
      17.0,
      7.0,
      2.0,
      6.0,
      8.0,
      56.0,
      702.0
    ]
  ],
  "classRecall": [
    0.0,
    0.8080000281333923,
    0.6669999957084656,
    0.5070000290870667,
    0.5600000023841858,
    0.5320000052452087,
    0.7429999709129333,
    0.6639999747276306,
    0.8690000176429749,
    0.7020000219345093
  ],
  "classPrecision": [
    NaN,
    0.7131509184837341,
    0.42376112937927246,
    0.443569540977478,
    0.6763284802436829,
    0.5751351118087769,
    0.7699481844902039,
    0.7511312365531921,
    0.5628238320350647,
    0.6992031931877136
  ],
  "classes": [
    "plane",
    "car",
    "bird",
    "cat",
    "deer",
    "dog",
    "frog",
    "horse",
    "ship",
    "truck"
  ]
}