{
  "name": "model",
  "metrics": {
    "train_loss": [],
    "train_accuracy": [],
    "val_loss": [],
    "val_accuracy": []
  },
  "accuracy": 0.6943,
  "confusion": [
    [
      685.0,
      28.0,
      30.0,
      35.0,
      45.0,
      6.0,
      7.0,
      23.0,
      107.0,
      34.0
    ],
    [
      7.0,
      814.0,
      6.0,
      17.0,
      8.0,
      9.0,
      8.0,
      7.0,
      38.0,
      86.0
    ],
    [
      58.0,
      4.0,
      495.0,
      90.0,
      120.0,
      116.0,
      48.0,
      42.0,
      16.0,
      11.0
    ],
    [
      16.0,
      11.0,
      35.0,
      535.0,
      64.0,
      220.0,
      49.0,
      34.0,
      13.0,
      23.0
    ],
    [
      13.0,
      2.0,
      40.0,
      57.0,
      686.0,
      38.0,
      35.0,
      103.0,
      18.0,
      8.0
    ],
    [
      6.0,
      6.0,
      22.0,
      225.0,
      48.0,
      593.0,
      19.0,
      68.0,
      5.0,
      8.0
    ],
    [
      9.0,
      9.0,
      39.0,
      78.0,
      46.0,
      52.0,
      745.0,
      6.0,
      7.0,
      9.0
    ],
    [
      7.0,
      3.0,
      14.0,
      56.0,
      39.0,
      73.0,
      4.0,
      767.0,
      5.0,
      32.0
    ],
    [
      35.0,
      36.0,
      5.0,
      22.0,
      5.0,
      2.0,
      5.0,
      8.0,
      863.0,
      19.0
    ],
    [
      27.0,
      113.0,
      4.0,
      27.0,
      4.0,
      6.0,
      5.0,
      12.0,
      42.0,
      760.0
    ]
  ],
  "classRecall": [
    0.6850000023841858,
    0.8140000104904175,
    0.4950000047683716,
    0.5350000262260437,
    0.6859999895095825,
    0.5929999947547913,
    0.7450000047683716,
    0.7670000195503235,
    0.8629999756813049,
    0.7599999904632568
  ],
  "classPrecision": [
    0.7937427759170532,
    0.7933723330497742,
    0.717391312122345,
    0.4684763550758362,
    0.6441314816474915,
    0.5318385362625122,
    0.8054053783416748,
    0.7168224453926086,
    0.774685800075531,
    0.7676767706871033
  ],
  "classes": [
    "plane",
    "car",
    "bird",
    "cat",
    "deer",
    "dog",
    "frog",
    "horse",
    "ship",
    "truck"
  ]
}