{
  "name": "model",
  "metrics": {
    "train_loss": [],
    "train_accuracy": [],
    "val_loss": [],
    "val_accuracy": []
  },
  "accuracy": 0.715,
  "confusion": [
    [
      724.0,
      16.0,
      70.0,
      23.0,
      20.0,
      9.0,
      8.0,
      11.0,
      87.0,
      32.0
    ],
    [
      12.0,
      777.0,
      4.0,
      10.0,
      6.0,
      1.0,
      10.0,
      6.0,
      49.0,
      125.0
    ],
    [
      42.0,
      2.0,
      662.0,
      60.0,
      93.0,
      65.0,
      30.0,
      26.0,
      12.0,
      8.0
    ],
    [
      10.0,
      15.0,
      91.0,
      517.0,
      60.0,
      185.0,
      54.0,
      42.0,
      14.0,
      12.0
    ],
    [
      9.0,
      3.0,
      79.0,
      65.0,
      700.0,
      33.0,
      35.0,
      68.0,
      5.0,
      3.0
    ],
    [
      7.0,
      6.0,
      73.0,
      161.0,
      47.0,
      612.0,
      15.0,
      71.0,
      6.0,
      2.0
    ],
    [
      0.0,
      8.0,
      75.0,
      91.0,
      36.0,
      38.0,
      737.0,
      6.0,
      6.0,
      3.0
    ],
    [
      9.0,
      5.0,
      38.0,
      36.0,
      69.0,
      52.0,
      4.0,
      779.0,
      3.0,
      5.0
    ],
    [
      28.0,
      31.0,
      16.0,
      18.0,
      10.0,
      5.0,
      3.0,
      4.0,
      869.0,
      16.0
    ],
    [
      25.0,
      93.0,
      12.0,
      19.0,
      2.0,
      13.0,
      2.0,
      20.0,
      41.0,
      773.0
    ]
  ],
  "classRecall": [
    0.7239999771118164,
    0.7770000100135803,
    0.6620000004768372,
    0.5170000195503235,
    0.699999988079071,
    0.6119999885559082,
    0.7369999885559082,
    0.7789999842643738,
    0.8690000176429749,
    0.7730000019073486
  ],
  "classPrecision": [
    0.8360277414321899,
    0.8127614855766296,
    0.5910714268684387,
    0.5170000195503235,
    0.6711409687995911,
    0.6041461229324341,
    0.820712685585022,
    0.7541142106056213,
    0.7957875728607178,
    0.7895811796188354
  ],
  "classes": [
    "plane",
    "car",
    "bird",
    "cat",
    "deer",
    "dog",
    "frog",
    "horse",
    "ship",
    "truck"
  ]
}