{
  "name": "model",
  "metrics": {
    "train_loss": [],
    "train_accuracy": [],
    "val_loss": [],
    "val_accuracy": []
  },
  "accuracy": 0.6718,
  "confusion": [
    [
      459.0,
      27.0,
      127.0,
      32.0,
      57.0,
      6.0,
      10.0,
      18.0,
      215.0,
      49.0
    ],
    [
      2.0,
      825.0,
      8.0,
      10.0,
      4.0,
      4.0,
      9.0,
      3.0,
      46.0,
      89.0
    ],
    [
      20.0,
      8.0,
      569.0,
      84.0,
      117.0,
      57.0,
      74.0,
      45.0,
      17.0,
      9.0
    ],
    [
      4.0,
      7.0,
      75.0,
      552.0,
      98.0,
      110.0,
      69.0,
      52.0,
      17.0,
      16.0
    ],
    [
      2.0,
      1.0,
      72.0,
      56.0,
      641.0,
      25.0,
      58.0,
      132.0,
      11.0,
      2.0
    ],
    [
      2.0,
      5.0,
      58.0,
      258.0,
      66.0,
      496.0,
      23.0,
      80.0,
      5.0,
      7.0
    ],
    [
      1.0,
      7.0,
      43.0,
      69.0,
      57.0,
      17.0,
      787.0,
      8.0,
      7.0,
      4.0
    ],
    [
      1.0,
      4.0,
      33.0,
      53.0,
      61.0,
      45.0,
      8.0,
      767.0,
      4.0,
      24.0
    ],
    [
      6.0,
      32.0,
      19.0,
      21.0,
      13.0,
      2.0,
      1.0,
      5.0,
      873.0,
      28.0
    ],
    [
      8.0,
      133.0,
      10.0,
      21.0,
      9.0,
      3.0,
      3.0,
      23.0,
      41.0,
      749.0
    ]
  ],
  "classRecall": [
    0.45899999141693115,
    0.824999988079071,
    0.5690000057220459,
    0.5519999861717224,
    0.640999972820282,
    0.4959999918937683,
    0.7870000004768372,
    0.7670000195503235,
    0.8730000257492065,
    0.7490000128746033
  ],
  "classPrecision": [
    0.908910870552063,
    0.7864633202552795,
    0.5611439943313599,
    0.47750866413116455,
    0.5707924962043762,
    0.6483660340309143,
    0.7552782893180847,
    0.6769638061523438,
    0.7063106894493103,
    0.7666325569152832
  ],
  "classes": [
    "plane",
    "car",
    "bird",
    "cat",
    "deer",
    "dog",
    "frog",
    "horse",
    "ship",
    "truck"
  ]
}