{
  "name": "model",
  "metrics": {
    "train_loss": [
      1.7109191112897613,
      1.5158629735762423,
      2.1772567087953743,
      3.0346076292070476,
      2.404250241816044,
      5.4110200166363605
    ],
    "train_accuracy": [
      0.48806666666666665,
      0.5118444444444444,
      0.5348444444444445,
      0.5716444444444444,
      0.5972444444444445,
      0.6291555555555556
    ],
    "val_loss": [
      1.5052567720413208,
      1.558052259683609,
      2.3787248551845552,
      3.154317021369934,
      2.3005424618721007,
      2.609257471561432
    ],
    "val_accuracy": [
      0.4694,
      0.4882,
      0.5074,
      0.5372,
      0.5518,
      0.5728
    ]
  },
  "accuracy": 0.5847,
  "confusion": [
    [
      0.0,
      29.0,
      378.0,
      25.0,
      25.0,
      1.0,
      10.0,
      49.0,
      393.0,
      90.0
    ],
    [
      0.0,
      678.0,
      15.0,
      19.0,
      4.0,
      6.0,
      15.0,
      13.0,
      66.0,
      184.0
    ],
    [
      0.0,
      5.0,
      592.0,
      66.0,
      96.0,
      62.0,
      94.0,
      52.0,
      23.0,
      10.0
    ],
    [
      0.0,
      13.0,
      111.0,
      423.0,
      46.0,
      164.0,
      107.0,
      72.0,
      28.0,
      36.0
    ],
    [
      0.0,
      3.0,
      148.0,
      38.0,
      513.0,
      33.0,
      97.0,
      131.0,
      18.0,
      19.0
    ],
    [
      0.0,
      6.0,
      99.0,
      139.0,
      35.0,
      555.0,
      59.0,
      92.0,
      5.0,
      10.0
    ],
    [
      0.0,
      8.0,
      108.0,
      39.0,
      42.0,
      32.0,
      735.0,
      18.0,
      7.0,
      11.0
    ],
    [
      0.0,
      8.0,
      52.0,
      41.0,
      59.0,
      40.0,
      24.0,
      744.0,
      11.0,
      21.0
    ],
    [
      0.0,
      49.0,
      51.0,
      13.0,
      14.0,
      1.0,
      3.0,
      5.0,
      795.0,
      69.0
    ],
    [
      1.0,
      60.0,
      11.0,
      22.0,
      3.0,
      5.0,
      6.0,
      31.0,
      49.0,
      812.0
    ]
  ],
  "classRecall": [
    0.0,
    0.6779999732971191,
    0.5920000076293945,
    0.4230000078678131,
    0.5130000114440918,
    0.5550000071525574,
    0.7350000143051147,
    0.7440000176429749,
    0.7950000166893005,
    0.8119999766349792
  ],
  "classPrecision": [
    0.0,
    0.7892898917198181,
    0.3782747685909271,
    0.5127272605895996,
    0.6129032373428345,
    0.6173526048660278,
    0.6391304135322571,
    0.6164042949676514,
    0.5698924660682678,
    0.6434231400489807
  ],
  "classes": [
    "plane",
    "car",
    "bird",
    "cat",
    "deer",
    "dog",
    "frog",
    "horse",
    "ship",
    "truck"
  ]
}