{
  "name": "model",
  "metrics": {
    "train_loss": [
      1.8616249713708053,
      2.149050626226447,
      1.673460959710858,
      1.6499189524488016,
      1.7527184632014146,
      1.715877436270768
    ],
    "train_accuracy": [
      0.4756,
      0.5124444444444445,
      0.5529555555555555,
      0.5924444444444444,
      0.6280666666666667,
      0.6607777777777778
    ],
    "val_loss": [
      1.563241958618164,
      2.3465301930904388,
      1.7538687586784363,
      1.7373684704303742,
      1.7658095628023147,
      1.7756669461727141
    ],
    "val_accuracy": [
      0.4592,
      0.4842,
      0.5134,
      0.5364,
      0.5644,
      0.5804
    ]
  },
  "accuracy": 0.5821,
  "confusion": [
    [
      0.0,
      32.0,
      237.0,
      27.0,
      54.0,
      7.0,
      16.0,
      47.0,
      473.0,
      107.0
    ],
    [
      0.0,
      699.0,
      12.0,
      12.0,
      6.0,
      8.0,
      9.0,
      6.0,
      81.0,
      167.0
    ],
    [
      0.0,
      9.0,
      504.0,
      48.0,
      128.0,
      92.0,
      112.0,
      45.0,
      43.0,
      19.0
    ],
    [
      0.0,
      16.0,
      64.0,
      433.0,
      81.0,
      221.0,
      70.0,
      51.0,
      17.0,
      47.0
    ],
    [
      0.0,
      6.0,
      61.0,
      41.0,
      609.0,
      53.0,
      83.0,
      104.0,
      26.0,
      17.0
    ],
    [
      0.0,
      10.0,
      52.0,
      155.0,
      70.0,
      578.0,
      47.0,
      59.0,
      7.0,
      22.0
    ],
    [
      0.0,
      10.0,
      63.0,
      60.0,
      74.0,
      40.0,
      712.0,
      16.0,
      8.0,
      17.0
    ],
    [
      0.0,
      6.0,
      35.0,
      46.0,
      71.0,
      52.0,
      17.0,
      711.0,
      14.0,
      48.0
    ],
    [
      1.0,
      59.0,
      27.0,
      13.0,
      13.0,
      4.0,
      5.0,
      12.0,
      793.0,
      73.0
    ],
    [
      0.0,
      72.0,
      10.0,
      15.0,
      10.0,
      8.0,
      8.0,
      21.0,
      74.0,
      782.0
    ]
  ],
  "classRecall": [
    0.0,
    0.6990000009536743,
    0.5040000081062317,
    0.43299999833106995,
    0.609000027179718,
    0.578000009059906,
    0.7120000123977661,
    0.7110000252723694,
    0.7929999828338623,
    0.7820000052452087
  ],
  "classPrecision": [
    0.0,
    0.7606093287467957,
    0.4732394218444824,
    0.5094117522239685,
    0.5456989407539368,
    0.5437441468238831,
    0.6598702669143677,
    0.6632462739944458,
    0.5162760615348816,
    0.6020015478134155
  ],
  "classes": [
    "plane",
    "car",
    "bird",
    "cat",
    "deer",
    "dog",
    "frog",
    "horse",
    "ship",
    "truck"
  ]
}