{
  "name": "model",
  "metrics": {
    "train_loss": [
      1.6520345045084304,
      1.861925845457749,
      2.0571277883242476,
      2.1434457432478666,
      2.271094211800532,
      2.3923101757060397
    ],
    "train_accuracy": [
      0.5068222222222222,
      0.5408444444444445,
      0.5974666666666667,
      0.6279555555555556,
      0.6559111111111111,
      0.6865333333333333
    ],
    "val_loss": [
      1.6472791194915772,
      1.9412733048200608,
      2.124779853224754,
      2.2390019714832308,
      2.425888216495514,
      2.5848701745271683
    ],
    "val_accuracy": [
      0.4736,
      0.5022,
      0.553,
      0.5722,
      0.5878,
      0.6122
    ]
  },
  "accuracy": 0.6107,
  "confusion": [
    [
      0.0,
      33.0,
      282.0,
      24.0,
      51.0,
      3.0,
      29.0,
      26.0,
      450.0,
      102.0
    ],
    [
      0.0,
      731.0,
      9.0,
      17.0,
      7.0,
      3.0,
      10.0,
      4.0,
      60.0,
      159.0
    ],
    [
      0.0,
      5.0,
      606.0,
      57.0,
      106.0,
      37.0,
      117.0,
      35.0,
      26.0,
      11.0
    ],
    [
      0.0,
      12.0,
      88.0,
      543.0,
      56.0,
      128.0,
      81.0,
      41.0,
      13.0,
      38.0
    ],
    [
      0.0,
      2.0,
      106.0,
      48.0,
      586.0,
      20.0,
      97.0,
      100.0,
      14.0,
      27.0
    ],
    [
      0.0,
      4.0,
      81.0,
      218.0,
      50.0,
      494.0,
      53.0,
      77.0,
      5.0,
      18.0
    ],
    [
      0.0,
      7.0,
      78.0,
      73.0,
      45.0,
      14.0,
      758.0,
      7.0,
      7.0,
      11.0
    ],
    [
      0.0,
      6.0,
      44.0,
      40.0,
      81.0,
      36.0,
      21.0,
      742.0,
      3.0,
      27.0
    ],
    [
      0.0,
      49.0,
      27.0,
      11.0,
      21.0,
      3.0,
      8.0,
      7.0,
      816.0,
      58.0
    ],
    [
      0.0,
      51.0,
      8.0,
      17.0,
      3.0,
      1.0,
      6.0,
      32.0,
      51.0,
      831.0
    ]
  ],
  "classRecall": [
    0.0,
    0.7310000061988831,
    0.6060000061988831,
    0.5429999828338623,
    0.5860000252723694,
    0.49399998784065247,
    0.7580000162124634,
    0.7419999837875366,
    0.8159999847412109,
    0.8309999704360962
  ],
  "classPrecision": [
    NaN,
    0.8122222423553467,
    0.45598194003105164,
    0.5181297659873962,
    0.5825049877166748,
    0.6684709191322327,
    0.6423729062080383,
    0.6928104758262634,
    0.5647059082984924,
    0.6482059359550476
  ],
  "classes": [
    "plane",
    "car",
    "bird",
    "cat",
    "deer",
    "dog",
    "frog",
    "horse",
    "ship",
    "truck"
  ]
}