{
  "name": "model",
  "metrics": {
    "train_loss": [],
    "train_accuracy": [],
    "val_loss": [],
    "val_accuracy": []
  },
  "accuracy": 0.7731,
  "confusion": [
    [
      805.0,
      18.0,
      26.0,
      17.0,
      19.0,
      6.0,
      9.0,
      8.0,
      59.0,
      33.0
    ],
    [
      15.0,
      835.0,
      6.0,
      5.0,
      1.0,
      3.0,
      6.0,
      4.0,
      25.0,
      100.0
    ],
    [
      54.0,
      4.0,
      686.0,
      44.0,
      63.0,
      55.0,
      42.0,
      30.0,
      9.0,
      13.0
    ],
    [
      25.0,
      9.0,
      49.0,
      577.0,
      52.0,
      163.0,
      57.0,
      35.0,
      7.0,
      26.0
    ],
    [
      14.0,
      2.0,
      58.0,
      53.0,
      717.0,
      42.0,
      31.0,
      72.0,
      6.0,
      5.0
    ],
    [
      12.0,
      5.0,
      26.0,
      158.0,
      39.0,
      687.0,
      18.0,
      41.0,
      6.0,
      8.0
    ],
    [
      8.0,
      7.0,
      33.0,
      43.0,
      31.0,
      22.0,
      836.0,
      9.0,
      7.0,
      4.0
    ],
    [
      15.0,
      2.0,
      10.0,
      41.0,
      29.0,
      45.0,
      4.0,
      840.0,
      2.0,
      12.0
    ],
    [
      48.0,
      18.0,
      8.0,
      5.0,
      3.0,
      4.0,
      5.0,
      4.0,
      878.0,
      27.0
    ],
    [
      24.0,
      47.0,
      5.0,
      9.0,
      1.0,
      5.0,
      4.0,
      12.0,
      23.0,
      870.0
    ]
  ],
  "classRecall": [
    0.8050000071525574,
    0.8349999785423279,
    0.6859999895095825,
    0.5770000219345093,
    0.7170000076293945,
    0.6869999766349792,
    0.8360000252723694,
    0.8399999737739563,
    0.878000020980835,
    0.8700000047683716
  ],
  "classPrecision": [
    0.7892156839370728,
    0.8817318081855774,
    0.7563396096229553,
    0.6060924530029297,
    0.7507853507995605,
    0.6656976938247681,
    0.8260869383811951,
    0.7962085604667664,
    0.859099805355072,
    0.7923497557640076
  ],
  "classes": [
    "plane",
    "car",
    "bird",
    "cat",
    "deer",
    "dog",
    "frog",
    "horse",
    "ship",
    "truck"
  ]
}