{
  "name": "model",
  "metrics": {
    "train_loss": [],
    "train_accuracy": [],
    "val_loss": [],
    "val_accuracy": []
  },
  "accuracy": 0.7544,
  "confusion": [
    [
      798.0,
      7.0,
      51.0,
      25.0,
      21.0,
      3.0,
      14.0,
      14.0,
      49.0,
      18.0
    ],
    [
      25.0,
      853.0,
      18.0,
      6.0,
      5.0,
      4.0,
      12.0,
      2.0,
      26.0,
      49.0
    ],
    [
      49.0,
      4.0,
      732.0,
      56.0,
      73.0,
      26.0,
      33.0,
      14.0,
      9.0,
      4.0
    ],
    [
      15.0,
      6.0,
      80.0,
      634.0,
      76.0,
      97.0,
      46.0,
      28.0,
      7.0,
      11.0
    ],
    [
      7.0,
      1.0,
      65.0,
      64.0,
      785.0,
      16.0,
      21.0,
      31.0,
      8.0,
      2.0
    ],
    [
      12.0,
      2.0,
      92.0,
      217.0,
      60.0,
      558.0,
      16.0,
      39.0,
      2.0,
      2.0
    ],
    [
      7.0,
      2.0,
      46.0,
      70.0,
      46.0,
      19.0,
      799.0,
      6.0,
      5.0,
      0.0
    ],
    [
      14.0,
      3.0,
      39.0,
      37.0,
      77.0,
      36.0,
      3.0,
      785.0,
      2.0,
      4.0
    ],
    [
      67.0,
      25.0,
      13.0,
      11.0,
      7.0,
      7.0,
      5.0,
      3.0,
      843.0,
      19.0
    ],
    [
      48.0,
      83.0,
      17.0,
      29.0,
      1.0,
      10.0,
      8.0,
      15.0,
      32.0,
      757.0
    ]
  ],
  "classRecall": [
    0.7979999780654907,
    0.8529999852180481,
    0.7319999933242798,
    0.6340000033378601,
    0.7850000262260437,
    0.5580000281333923,
    0.7990000247955322,
    0.7850000262260437,
    0.8429999947547913,
    0.7570000290870667
  ],
  "classPrecision": [
    0.7658349275588989,
    0.8651115894317627,
    0.6348655819892883,
    0.5517841577529907,
    0.6820156574249268,
    0.719072163105011,
    0.8349007368087769,
    0.8377801775932312,
    0.8575788140296936,
    0.8741339445114136
  ],
  "classes": [
    "plane",
    "car",
    "bird",
    "cat",
    "deer",
    "dog",
    "frog",
    "horse",
    "ship",
    "truck"
  ]
}