{
  "name": "model",
  "metrics": {
    "train_loss": [],
    "train_accuracy": [],
    "val_loss": [],
    "val_accuracy": []
  },
  "accuracy": 0.7568,
  "confusion": [
    [
      775.0,
      10.0,
      44.0,
      29.0,
      16.0,
      9.0,
      16.0,
      12.0,
      56.0,
      33.0
    ],
    [
      18.0,
      794.0,
      11.0,
      12.0,
      3.0,
      6.0,
      10.0,
      4.0,
      28.0,
      114.0
    ],
    [
      33.0,
      3.0,
      661.0,
      66.0,
      91.0,
      54.0,
      53.0,
      16.0,
      10.0,
      13.0
    ],
    [
      13.0,
      4.0,
      51.0,
      654.0,
      48.0,
      132.0,
      49.0,
      19.0,
      16.0,
      14.0
    ],
    [
      12.0,
      1.0,
      41.0,
      83.0,
      740.0,
      35.0,
      51.0,
      27.0,
      3.0,
      7.0
    ],
    [
      7.0,
      1.0,
      39.0,
      226.0,
      43.0,
      619.0,
      19.0,
      32.0,
      6.0,
      8.0
    ],
    [
      2.0,
      5.0,
      30.0,
      57.0,
      24.0,
      29.0,
      841.0,
      3.0,
      6.0,
      3.0
    ],
    [
      4.0,
      1.0,
      25.0,
      54.0,
      73.0,
      54.0,
      4.0,
      762.0,
      4.0,
      19.0
    ],
    [
      38.0,
      21.0,
      22.0,
      17.0,
      5.0,
      4.0,
      6.0,
      1.0,
      868.0,
      18.0
    ],
    [
      17.0,
      43.0,
      9.0,
      15.0,
      6.0,
      6.0,
      7.0,
      9.0,
      34.0,
      854.0
    ]
  ],
  "classRecall": [
    0.7749999761581421,
    0.7940000295639038,
    0.6610000133514404,
    0.6539999842643738,
    0.7400000095367432,
    0.6190000176429749,
    0.8410000205039978,
    0.7620000243186951,
    0.8679999709129333,
    0.8539999723434448
  ],
  "classPrecision": [
    0.8433079719543457,
    0.8992072343826294,
    0.7084673047065735,
    0.5391591191291809,
    0.70543372631073,
    0.652953565120697,
    0.7964015007019043,
    0.8610169291496277,
    0.8419010639190674,
    0.7885503172874451
  ],
  "classes": [
    "plane",
    "car",
    "bird",
    "cat",
    "deer",
    "dog",
    "frog",
    "horse",
    "ship",
    "truck"
  ]
}