{
  "name": "model",
  "metrics": {
    "train_loss": [],
    "train_accuracy": [],
    "val_loss": [],
    "val_accuracy": []
  },
  "accuracy": 0.7516,
  "confusion": [
    [
      745.0,
      17.0,
      73.0,
      26.0,
      29.0,
      5.0,
      10.0,
      9.0,
      59.0,
      27.0
    ],
    [
      14.0,
      875.0,
      6.0,
      9.0,
      3.0,
      5.0,
      5.0,
      2.0,
      32.0,
      49.0
    ],
    [
      39.0,
      4.0,
      700.0,
      47.0,
      82.0,
      30.0,
      43.0,
      41.0,
      9.0,
      5.0
    ],
    [
      17.0,
      8.0,
      76.0,
      590.0,
      58.0,
      118.0,
      61.0,
      48.0,
      11.0,
      13.0
    ],
    [
      8.0,
      3.0,
      67.0,
      49.0,
      725.0,
      22.0,
      36.0,
      77.0,
      11.0,
      2.0
    ],
    [
      11.0,
      2.0,
      63.0,
      178.0,
      40.0,
      599.0,
      26.0,
      70.0,
      6.0,
      5.0
    ],
    [
      4.0,
      6.0,
      41.0,
      65.0,
      32.0,
      16.0,
      816.0,
      5.0,
      10.0,
      5.0
    ],
    [
      13.0,
      1.0,
      34.0,
      40.0,
      47.0,
      36.0,
      5.0,
      804.0,
      5.0,
      15.0
    ],
    [
      46.0,
      25.0,
      13.0,
      8.0,
      7.0,
      3.0,
      7.0,
      5.0,
      873.0,
      13.0
    ],
    [
      36.0,
      77.0,
      6.0,
      16.0,
      2.0,
      3.0,
      5.0,
      17.0,
      49.0,
      789.0
    ]
  ],
  "classRecall": [
    0.7450000047683716,
    0.875,
    0.699999988079071,
    0.5899999737739563,
    0.7250000238418579,
    0.5989999771118164,
    0.8159999847412109,
    0.8040000200271606,
    0.8730000257492065,
    0.7889999747276306
  ],
  "classPrecision": [
    0.7984994649887085,
    0.8595284819602966,
    0.6487488150596619,
    0.5739299654960632,
    0.707317054271698,
    0.7156511545181274,
    0.8047337532043457,
    0.7458255887031555,
    0.8197183012962341,
    0.8548212647438049
  ],
  "classes": [
    "plane",
    "car",
    "bird",
    "cat",
    "deer",
    "dog",
    "frog",
    "horse",
    "ship",
    "truck"
  ]
}