{
  "name": "model",
  "metrics": {
    "train_loss": [],
    "train_accuracy": [],
    "val_loss": [],
    "val_accuracy": []
  },
  "accuracy": 0.7605,
  "confusion": [
    [
      757.0,
      17.0,
      43.0,
      25.0,
      40.0,
      7.0,
      9.0,
      11.0,
      66.0,
      25.0
    ],
    [
      13.0,
      857.0,
      6.0,
      6.0,
      3.0,
      6.0,
      5.0,
      3.0,
      26.0,
      75.0
    ],
    [
      51.0,
      3.0,
      661.0,
      69.0,
      65.0,
      60.0,
      50.0,
      17.0,
      18.0,
      6.0
    ],
    [
      23.0,
      7.0,
      40.0,
      588.0,
      64.0,
      184.0,
      51.0,
      28.0,
      6.0,
      9.0
    ],
    [
      8.0,
      1.0,
      69.0,
      57.0,
      745.0,
      30.0,
      30.0,
      52.0,
      4.0,
      4.0
    ],
    [
      10.0,
      2.0,
      38.0,
      163.0,
      41.0,
      679.0,
      19.0,
      37.0,
      5.0,
      6.0
    ],
    [
      3.0,
      8.0,
      36.0,
      60.0,
      27.0,
      24.0,
      822.0,
      4.0,
      11.0,
      5.0
    ],
    [
      8.0,
      3.0,
      18.0,
      37.0,
      56.0,
      64.0,
      8.0,
      797.0,
      1.0,
      8.0
    ],
    [
      25.0,
      16.0,
      10.0,
      11.0,
      11.0,
      8.0,
      5.0,
      1.0,
      900.0,
      13.0
    ],
    [
      29.0,
      81.0,
      8.0,
      10.0,
      2.0,
      7.0,
      8.0,
      13.0,
      43.0,
      799.0
    ]
  ],
  "classRecall": [
    0.7570000290870667,
    0.8569999933242798,
    0.6610000133514404,
    0.5879999995231628,
    0.7450000047683716,
    0.6790000200271606,
    0.8220000267028809,
    0.796999990940094,
    0.8999999761581421,
    0.7990000247955322
  ],
  "classPrecision": [
    0.816612720489502,
    0.8613065481185913,
    0.7115177512168884,
    0.5730994343757629,
    0.7068310976028442,
    0.6351730823516846,
    0.816286027431488,
    0.8276219964027405,
    0.8333333134651184,
    0.8410526514053345
  ],
  "classes": [
    "plane",
    "car",
    "bird",
    "cat",
    "deer",
    "dog",
    "frog",
    "horse",
    "ship",
    "truck"
  ]
}