{
  "name": "model",
  "metrics": {
    "train_loss": [],
    "train_accuracy": [],
    "val_loss": [],
    "val_accuracy": []
  },
  "accuracy": 0.7592,
  "confusion": [
    [
      762.0,
      13.0,
      53.0,
      20.0,
      15.0,
      6.0,
      12.0,
      11.0,
      67.0,
      41.0
    ],
    [
      9.0,
      857.0,
      2.0,
      5.0,
      1.0,
      2.0,
      11.0,
      2.0,
      31.0,
      80.0
    ],
    [
      59.0,
      4.0,
      666.0,
      51.0,
      72.0,
      46.0,
      51.0,
      26.0,
      17.0,
      8.0
    ],
    [
      20.0,
      9.0,
      59.0,
      554.0,
      54.0,
      171.0,
      60.0,
      41.0,
      19.0,
      13.0
    ],
    [
      14.0,
      5.0,
      57.0,
      52.0,
      729.0,
      28.0,
      32.0,
      70.0,
      9.0,
      4.0
    ],
    [
      11.0,
      5.0,
      51.0,
      152.0,
      43.0,
      636.0,
      26.0,
      65.0,
      7.0,
      4.0
    ],
    [
      6.0,
      5.0,
      30.0,
      39.0,
      34.0,
      24.0,
      843.0,
      5.0,
      5.0,
      9.0
    ],
    [
      12.0,
      4.0,
      27.0,
      32.0,
      43.0,
      37.0,
      4.0,
      832.0,
      2.0,
      7.0
    ],
    [
      38.0,
      19.0,
      9.0,
      9.0,
      6.0,
      6.0,
      4.0,
      1.0,
      894.0,
      14.0
    ],
    [
      33.0,
      72.0,
      10.0,
      12.0,
      1.0,
      7.0,
      2.0,
      12.0,
      32.0,
      819.0
    ]
  ],
  "classRecall": [
    0.7620000243186951,
    0.8569999933242798,
    0.6660000085830688,
    0.5540000200271606,
    0.7289999723434448,
    0.6359999775886536,
    0.8429999947547913,
    0.8320000171661377,
    0.8939999938011169,
    0.8190000057220459
  ],
  "classPrecision": [
    0.7904564142227173,
    0.8630412817001343,
    0.6908713579177856,
    0.5982721447944641,
    0.7304609417915344,
    0.6604361534118652,
    0.8066985607147217,
    0.7812206745147705,
    0.8254847526550293,
    0.8198198080062866
  ],
  "classes": [
    "plane",
    "car",
    "bird",
    "cat",
    "deer",
    "dog",
    "frog",
    "horse",
    "ship",
    "truck"
  ]
}