{
  "name": "model",
  "metrics": {
    "train_loss": [],
    "train_accuracy": [],
    "val_loss": [],
    "val_accuracy": []
  },
  "accuracy": 0.7,
  "confusion": [
    [
      87.0,
      30.0,
      557.0,
      66.0,
      38.0,
      12.0,
      9.0,
      24.0,
      79.0,
      98.0
    ],
    [
      4.0,
      891.0,
      4.0,
      8.0,
      1.0,
      6.0,
      8.0,
      3.0,
      21.0,
      54.0
    ],
    [
      6.0,
      5.0,
      667.0,
      55.0,
      74.0,
      83.0,
      55.0,
      33.0,
      11.0,
      11.0
    ],
    [
      3.0,
      7.0,
      40.0,
      558.0,
      55.0,
      215.0,
      41.0,
      52.0,
      15.0,
      14.0
    ],
    [
      5.0,
      2.0,
      55.0,
      55.0,
      722.0,
      32.0,
      54.0,
      65.0,
      8.0,
      2.0
    ],
    [
      2.0,
      2.0,
      39.0,
      125.0,
      32.0,
      693.0,
      27.0,
      69.0,
      6.0,
      5.0
    ],
    [
      0.0,
      6.0,
      27.0,
      66.0,
      26.0,
      35.0,
      822.0,
      7.0,
      7.0,
      4.0
    ],
    [
      0.0,
      3.0,
      19.0,
      21.0,
      42.0,
      48.0,
      7.0,
      846.0,
      7.0,
      7.0
    ],
    [
      7.0,
      28.0,
      20.0,
      12.0,
      11.0,
      8.0,
      8.0,
      3.0,
      879.0,
      24.0
    ],
    [
      7.0,
      90.0,
      7.0,
      11.0,
      3.0,
      9.0,
      3.0,
      15.0,
      20.0,
      835.0
    ]
  ],
  "classRecall": [
    0.08699999749660492,
    0.890999972820282,
    0.6669999957084656,
    0.5580000281333923,
    0.722000002861023,
    0.6930000185966492,
    0.8220000267028809,
    0.8460000157356262,
    0.8790000081062317,
    0.8349999785423279
  ],
  "classPrecision": [
    0.7190082669258118,
    0.8374060392379761,
    0.4648083746433258,
    0.5711361169815063,
    0.7191234827041626,
    0.6073619723320007,
    0.7949709892272949,
    0.7573858499526978,
    0.8347578644752502,
    0.7922201156616211
  ],
  "classes": [
    "plane",
    "car",
    "bird",
    "cat",
    "deer",
    "dog",
    "frog",
    "horse",
    "ship",
    "truck"
  ]
}