{
  "name": "model",
  "metrics": {
    "train_loss": [
      0.6075384392487732,
      0.4173748405565592,
      0.32899493423544546,
      0.34962933138012886,
      0.290652169380337,
      0.20180328755470162,
      0.18881592349233953,
      0.1670738663101061,
      0.15955547558736394,
      0.11072861323852769
    ],
    "train_accuracy": [
      0.7954666666666667,
      0.8686444444444444,
      0.9016888888888889,
      0.8896222222222222,
      0.9090666666666667,
      0.9345777777777777,
      0.9388,
      0.9480222222222222,
      0.9522,
      0.9672888888888889
    ],
    "val_loss": [
      0.6894168231636286,
      0.5994391798973083,
      0.566160075739026,
      0.6206325925886631,
      0.5600186401978136,
      0.5790464833378792,
      0.6239412982016802,
      0.618835286796093,
      0.6443388544023037,
      0.6494641706347466
    ],
    "val_accuracy": [
      0.7548,
      0.8032,
      0.81,
      0.795,
      0.8142,
      0.8202,
      0.8054,
      0.8148,
      0.8052,
      0.8186
    ]
  },
  "accuracy": 0.8172,
  "confusion": [
    [
      825.0,
      14.0,
      21.0,
      24.0,
      9.0,
      4.0,
      7.0,
      5.0,
      70.0,
      21.0
    ],
    [
      7.0,
      895.0,
      2.0,
      3.0,
      1.0,
      3.0,
      4.0,
      6.0,
      26.0,
      53.0
    ],
    [
      42.0,
      4.0,
      717.0,
      55.0,
      68.0,
      51.0,
      33.0,
      18.0,
      12.0,
      0.0
    ],
    [
      20.0,
      4.0,
      30.0,
      692.0,
      32.0,
      125.0,
      42.0,
      30.0,
      12.0,
      13.0
    ],
    [
      14.0,
      4.0,
      26.0,
      59.0,
      783.0,
      35.0,
      32.0,
      36.0,
      11.0,
      0.0
    ],
    [
      12.0,
      1.0,
      10.0,
      147.0,
      19.0,
      745.0,
      21.0,
      34.0,
      5.0,
      6.0
    ],
    [
      6.0,
      2.0,
      16.0,
      52.0,
      19.0,
      12.0,
      880.0,
      6.0,
      6.0,
      1.0
    ],
    [
      14.0,
      5.0,
      9.0,
      40.0,
      27.0,
      43.0,
      4.0,
      849.0,
      3.0,
      6.0
    ],
    [
      21.0,
      18.0,
      6.0,
      9.0,
      3.0,
      3.0,
      3.0,
      3.0,
      924.0,
      10.0
    ],
    [
      15.0,
      61.0,
      2.0,
      10.0,
      0.0,
      4.0,
      8.0,
      5.0,
      33.0,
      862.0
    ]
  ],
  "classRecall": [
    0.824999988079071,
    0.8949999809265137,
    0.7170000076293945,
    0.6919999718666077,
    0.7829999923706055,
    0.7450000047683716,
    0.8799999952316284,
    0.8489999771118164,
    0.9240000247955322,
    0.8619999885559082
  ],
  "classPrecision": [
    0.8452869057655334,
    0.8878968358039856,
    0.8545888066291809,
    0.6342805027961731,
    0.8147763013839722,
    0.7268292903900146,
    0.8510638475418091,
    0.8558467626571655,
    0.8384755253791809,
    0.8868312835693359
  ],
  "classes": [
    "plane",
    "car",
    "bird",
    "cat",
    "deer",
    "dog",
    "frog",
    "horse",
    "ship",
    "truck"
  ]
}