{
  "name": "model",
  "metrics": {
    "train_loss": [
      0.643623888831247,
      0.5788780317895792,
      0.840308420190757,
      1.2410373695364052,
      1.2676671399650248,
      1.66127972795882
    ],
    "train_accuracy": [
      0.7820222222222222,
      0.8055111111111111,
      0.7881333333333334,
      0.8294888888888889,
      0.8309555555555556,
      0.8459777777777778
    ],
    "val_loss": [
      0.7485550686717033,
      0.7543166115880012,
      1.0546405732631683,
      1.5437636882066728,
      1.6538890421390533,
      2.0154911981895567
    ],
    "val_accuracy": [
      0.7534,
      0.7484,
      0.7118,
      0.7364,
      0.7268,
      0.7334
    ]
  },
  "accuracy": 0.731,
  "confusion": [
    [
      0.0,
      35.0,
      582.0,
      118.0,
      49.0,
      4.0,
      9.0,
      14.0,
      91.0,
      98.0
    ],
    [
      0.0,
      882.0,
      6.0,
      5.0,
      1.0,
      6.0,
      5.0,
      1.0,
      12.0,
      82.0
    ],
    [
      0.0,
      2.0,
      813.0,
      61.0,
      35.0,
      35.0,
      35.0,
      6.0,
      3.0,
      10.0
    ],
    [
      0.0,
      7.0,
      50.0,
      688.0,
      45.0,
      141.0,
      43.0,
      9.0,
      5.0,
      12.0
    ],
    [
      0.0,
      3.0,
      68.0,
      45.0,
      808.0,
      23.0,
      28.0,
      23.0,
      2.0,
      0.0
    ],
    [
      0.0,
      2.0,
      55.0,
      156.0,
      32.0,
      707.0,
      16.0,
      20.0,
      3.0,
      9.0
    ],
    [
      0.0,
      0.0,
      39.0,
      45.0,
      11.0,
      27.0,
      868.0,
      1.0,
      1.0,
      8.0
    ],
    [
      0.0,
      2.0,
      26.0,
      58.0,
      50.0,
      52.0,
      9.0,
      791.0,
      0.0,
      12.0
    ],
    [
      0.0,
      38.0,
      39.0,
      25.0,
      15.0,
      4.0,
      2.0,
      0.0,
      844.0,
      33.0
    ],
    [
      0.0,
      48.0,
      9.0,
      9.0,
      0.0,
      4.0,
      1.0,
      5.0,
      15.0,
      909.0
    ]
  ],
  "classRecall": [
    0.0,
    0.8820000290870667,
    0.8130000233650208,
    0.6880000233650208,
    0.8080000281333923,
    0.7070000171661377,
    0.8679999709129333,
    0.7910000085830688,
    0.843999981880188,
    0.9089999794960022
  ],
  "classPrecision": [
    NaN,
    0.8655544519424438,
    0.4819205701351166,
    0.5685950517654419,
    0.7724665403366089,
    0.7048853635787964,
    0.8543307185173035,
    0.9091954231262207,
    0.8647540807723999,
    0.7749360799789429
  ],
  "classes": [
    "plane",
    "car",
    "bird",
    "cat",
    "deer",
    "dog",
    "frog",
    "horse",
    "ship",
    "truck"
  ]
}