{
  "name": "model",
  "metrics": {
    "train_loss": [
      0.7616931474344297,
      0.4457733786072243,
      0.39416539279574697,
      0.7987813697281209,
      0.3277896679514511,
      0.22419074177742004,
      0.22176500083878636,
      0.36022025448354805,
      0.15882578206417913,
      0.16369563743302767,
      0.12158272591080856
    ],
    "train_accuracy": [
      0.7393333333333333,
      0.8581333333333333,
      0.8769111111111111,
      0.7360888888888889,
      0.9037777777777778,
      0.9358,
      0.9405111111111111,
      0.8829777777777778,
      0.9541111111111111,
      0.9542444444444445,
      0.9662
    ],
    "val_loss": [
      0.8748303830623627,
      0.6157558023929596,
      0.6117905020713806,
      0.9616772919893265,
      0.5980914205312728,
      0.5511724822223186,
      0.584830466657877,
      0.6835231527686119,
      0.5748795045539736,
      0.6503146156668663,
      0.6339804284274578
    ],
    "val_accuracy": [
      0.7024,
      0.7956,
      0.8006,
      0.686,
      0.808,
      0.8228,
      0.8242,
      0.786,
      0.8214,
      0.806,
      0.8234
    ]
  },
  "accuracy": 0.8205,
  "confusion": [
    [
      797.0,
      11.0,
      23.0,
      25.0,
      15.0,
      5.0,
      6.0,
      8.0,
      85.0,
      25.0
    ],
    [
      10.0,
      882.0,
      3.0,
      12.0,
      1.0,
      4.0,
      5.0,
      2.0,
      21.0,
      60.0
    ],
    [
      36.0,
      4.0,
      729.0,
      70.0,
      43.0,
      39.0,
      37.0,
      22.0,
      15.0,
      5.0
    ],
    [
      13.0,
      3.0,
      29.0,
      675.0,
      45.0,
      138.0,
      39.0,
      39.0,
      10.0,
      9.0
    ],
    [
      6.0,
      4.0,
      41.0,
      39.0,
      815.0,
      20.0,
      22.0,
      48.0,
      4.0,
      1.0
    ],
    [
      6.0,
      2.0,
      18.0,
      131.0,
      38.0,
      739.0,
      16.0,
      38.0,
      6.0,
      6.0
    ],
    [
      4.0,
      4.0,
      19.0,
      53.0,
      26.0,
      16.0,
      865.0,
      6.0,
      3.0,
      4.0
    ],
    [
      5.0,
      5.0,
      14.0,
      21.0,
      33.0,
      26.0,
      6.0,
      883.0,
      2.0,
      5.0
    ],
    [
      21.0,
      6.0,
      1.0,
      13.0,
      6.0,
      3.0,
      1.0,
      3.0,
      932.0,
      14.0
    ],
    [
      13.0,
      34.0,
      4.0,
      12.0,
      2.0,
      2.0,
      6.0,
      7.0,
      32.0,
      888.0
    ]
  ],
  "classRecall": [
    0.796999990940094,
    0.8820000290870667,
    0.7289999723434448,
    0.675000011920929,
    0.8149999976158142,
    0.7390000224113464,
    0.8650000095367432,
    0.8830000162124634,
    0.9319999814033508,
    0.8880000114440918
  ],
  "classPrecision": [
    0.874862790107727,
    0.9235602021217346,
    0.8274688124656677,
    0.6422454714775085,
    0.7958984375,
    0.7449596524238586,
    0.8624127507209778,
    0.8361742496490479,
    0.8396396636962891,
    0.8731563687324524
  ],
  "classes": [
    "plane",
    "car",
    "bird",
    "cat",
    "deer",
    "dog",
    "frog",
    "horse",
    "ship",
    "truck"
  ]
}