{
  "name": "distillation",
  "metrics": {
    "train_loss": [],
    "train_accuracy": [],
    "val_loss": [],
    "val_accuracy": []
  },
  "accuracy": 0.7776,
  "confusion": [
    [
      822.0,
      15.0,
      22.0,
      16.0,
      16.0,
      6.0,
      8.0,
      7.0,
      50.0,
      38.0
    ],
    [
      15.0,
      852.0,
      5.0,
      8.0,
      2.0,
      10.0,
      7.0,
      5.0,
      17.0,
      79.0
    ],
    [
      65.0,
      0.0,
      711.0,
      55.0,
      42.0,
      46.0,
      43.0,
      21.0,
      11.0,
      6.0
    ],
    [
      22.0,
      5.0,
      58.0,
      606.0,
      48.0,
      165.0,
      51.0,
      20.0,
      13.0,
      12.0
    ],
    [
      9.0,
      1.0,
      80.0,
      64.0,
      738.0,
      26.0,
      37.0,
      36.0,
      8.0,
      1.0
    ],
    [
      5.0,
      0.0,
      51.0,
      161.0,
      32.0,
      669.0,
      18.0,
      53.0,
      6.0,
      5.0
    ],
    [
      8.0,
      3.0,
      42.0,
      50.0,
      26.0,
      29.0,
      831.0,
      2.0,
      4.0,
      5.0
    ],
    [
      8.0,
      1.0,
      20.0,
      42.0,
      43.0,
      50.0,
      6.0,
      819.0,
      2.0,
      9.0
    ],
    [
      38.0,
      20.0,
      8.0,
      14.0,
      5.0,
      5.0,
      3.0,
      1.0,
      884.0,
      22.0
    ],
    [
      25.0,
      55.0,
      8.0,
      21.0,
      3.0,
      8.0,
      3.0,
      5.0,
      28.0,
      844.0
    ]
  ],
  "classRecall": [
    0.8220000267028809,
    0.8519999980926514,
    0.7110000252723694,
    0.6060000061988831,
    0.7379999756813049,
    0.6690000295639038,
    0.8309999704360962,
    0.8190000057220459,
    0.8840000033378601,
    0.843999981880188
  ],
  "classPrecision": [
    0.8082596063613892,
    0.894957959651947,
    0.7074626684188843,
    0.5843780040740967,
    0.772774875164032,
    0.6597633361816406,
    0.825223445892334,
    0.8452012538909912,
    0.86412513256073,
    0.8266405463218689
  ],
  "classes": [
    "plane",
    "car",
    "bird",
    "cat",
    "deer",
    "dog",
    "frog",
    "horse",
    "ship",
    "truck"
  ]
}