{
  "name": "distillation",
  "metrics": {
    "train_loss": [],
    "train_accuracy": [],
    "val_loss": [],
    "val_accuracy": []
  },
  "accuracy": 0.7703,
  "confusion": [
    [
      900.0,
      7.0,
      17.0,
      7.0,
      5.0,
      8.0,
      3.0,
      9.0,
      32.0,
      12.0
    ],
    [
      60.0,
      804.0,
      7.0,
      5.0,
      2.0,
      4.0,
      13.0,
      4.0,
      37.0,
      64.0
    ],
    [
      90.0,
      1.0,
      693.0,
      52.0,
      50.0,
      59.0,
      21.0,
      22.0,
      7.0,
      5.0
    ],
    [
      33.0,
      3.0,
      60.0,
      574.0,
      42.0,
      183.0,
      43.0,
      47.0,
      8.0,
      7.0
    ],
    [
      41.0,
      3.0,
      64.0,
      50.0,
      728.0,
      53.0,
      21.0,
      35.0,
      5.0,
      0.0
    ],
    [
      21.0,
      0.0,
      36.0,
      148.0,
      37.0,
      670.0,
      24.0,
      50.0,
      10.0,
      4.0
    ],
    [
      16.0,
      2.0,
      44.0,
      45.0,
      18.0,
      24.0,
      831.0,
      8.0,
      9.0,
      3.0
    ],
    [
      21.0,
      4.0,
      23.0,
      36.0,
      42.0,
      55.0,
      2.0,
      815.0,
      2.0,
      0.0
    ],
    [
      79.0,
      10.0,
      6.0,
      8.0,
      2.0,
      1.0,
      2.0,
      2.0,
      879.0,
      11.0
    ],
    [
      64.0,
      51.0,
      6.0,
      13.0,
      1.0,
      7.0,
      6.0,
      15.0,
      28.0,
      809.0
    ]
  ],
  "classRecall": [
    0.8999999761581421,
    0.8040000200271606,
    0.6930000185966492,
    0.5740000009536743,
    0.7279999852180481,
    0.6700000166893005,
    0.8309999704360962,
    0.8149999976158142,
    0.8790000081062317,
    0.8090000152587891
  ],
  "classPrecision": [
    0.6792452931404114,
    0.9084745645523071,
    0.7248954176902771,
    0.611940324306488,
    0.7853290438652039,
    0.6296992301940918,
    0.8602484464645386,
    0.8093346357345581,
    0.8643068075180054,
    0.8841530084609985
  ],
  "classes": [
    "plane",
    "car",
    "bird",
    "cat",
    "deer",
    "dog",
    "frog",
    "horse",
    "ship",
    "truck"
  ]
}