{
  "name": "distillation",
  "metrics": {
    "train_loss": [],
    "train_accuracy": [],
    "val_loss": [],
    "val_accuracy": []
  },
  "accuracy": 0.7556,
  "confusion": [
    [
      908.0,
      12.0,
      15.0,
      9.0,
      12.0,
      3.0,
      5.0,
      6.0,
      17.0,
      13.0
    ],
    [
      62.0,
      841.0,
      14.0,
      4.0,
      4.0,
      2.0,
      10.0,
      1.0,
      26.0,
      36.0
    ],
    [
      105.0,
      2.0,
      706.0,
      35.0,
      70.0,
      24.0,
      36.0,
      19.0,
      3.0,
      0.0
    ],
    [
      38.0,
      5.0,
      73.0,
      605.0,
      69.0,
      98.0,
      73.0,
      21.0,
      9.0,
      9.0
    ],
    [
      21.0,
      1.0,
      49.0,
      35.0,
      820.0,
      10.0,
      37.0,
      20.0,
      6.0,
      1.0
    ],
    [
      18.0,
      1.0,
      81.0,
      209.0,
      55.0,
      567.0,
      33.0,
      29.0,
      7.0,
      0.0
    ],
    [
      16.0,
      2.0,
      41.0,
      43.0,
      24.0,
      14.0,
      852.0,
      5.0,
      2.0,
      1.0
    ],
    [
      21.0,
      4.0,
      18.0,
      44.0,
      97.0,
      46.0,
      15.0,
      749.0,
      1.0,
      5.0
    ],
    [
      186.0,
      12.0,
      10.0,
      8.0,
      10.0,
      4.0,
      5.0,
      3.0,
      757.0,
      5.0
    ],
    [
      86.0,
      85.0,
      8.0,
      21.0,
      5.0,
      2.0,
      12.0,
      7.0,
      23.0,
      751.0
    ]
  ],
  "classRecall": [
    0.9079999923706055,
    0.8410000205039978,
    0.7059999704360962,
    0.6050000190734863,
    0.8199999928474426,
    0.5669999718666077,
    0.8519999980926514,
    0.7490000128746033,
    0.7570000290870667,
    0.7509999871253967
  ],
  "classPrecision": [
    0.6214921474456787,
    0.8715025782585144,
    0.6955664753913879,
    0.597235918045044,
    0.7032589912414551,
    0.7363636493682861,
    0.7903525233268738,
    0.8709302544593811,
    0.889541745185852,
    0.914738118648529
  ],
  "classes": [
    "plane",
    "car",
    "bird",
    "cat",
    "deer",
    "dog",
    "frog",
    "horse",
    "ship",
    "truck"
  ]
}