{
  "name": "distillation",
  "metrics": {
    "train_loss": [],
    "train_accuracy": [],
    "val_loss": [],
    "val_accuracy": []
  },
  "accuracy": 0.765,
  "confusion": [
    [
      912.0,
      11.0,
      4.0,
      10.0,
      7.0,
      2.0,
      2.0,
      8.0,
      22.0,
      22.0
    ],
    [
      32.0,
      816.0,
      8.0,
      7.0,
      2.0,
      5.0,
      3.0,
      0.0,
      32.0,
      95.0
    ],
    [
      118.0,
      2.0,
      658.0,
      57.0,
      75.0,
      41.0,
      25.0,
      14.0,
      6.0,
      4.0
    ],
    [
      50.0,
      1.0,
      50.0,
      670.0,
      44.0,
      120.0,
      26.0,
      14.0,
      9.0,
      16.0
    ],
    [
      43.0,
      2.0,
      56.0,
      71.0,
      757.0,
      22.0,
      22.0,
      20.0,
      4.0,
      3.0
    ],
    [
      18.0,
      2.0,
      49.0,
      198.0,
      45.0,
      640.0,
      14.0,
      22.0,
      8.0,
      4.0
    ],
    [
      13.0,
      1.0,
      48.0,
      78.0,
      35.0,
      26.0,
      783.0,
      2.0,
      10.0,
      4.0
    ],
    [
      34.0,
      3.0,
      28.0,
      47.0,
      54.0,
      63.0,
      2.0,
      753.0,
      3.0,
      13.0
    ],
    [
      143.0,
      8.0,
      8.0,
      6.0,
      5.0,
      5.0,
      2.0,
      2.0,
      809.0,
      12.0
    ],
    [
      48.0,
      43.0,
      5.0,
      11.0,
      2.0,
      4.0,
      2.0,
      2.0,
      31.0,
      852.0
    ]
  ],
  "classRecall": [
    0.9120000004768372,
    0.8159999847412109,
    0.6579999923706055,
    0.6700000166893005,
    0.7570000290870667,
    0.6399999856948853,
    0.7829999923706055,
    0.753000020980835,
    0.8090000152587891,
    0.8519999980926514
  ],
  "classPrecision": [
    0.646350085735321,
    0.9178852438926697,
    0.7199124693870544,
    0.5800865888595581,
    0.7378167510032654,
    0.6896551847457886,
    0.8887627720832825,
    0.8996415734291077,
    0.8661670088768005,
    0.831219494342804
  ],
  "classes": [
    "plane",
    "car",
    "bird",
    "cat",
    "deer",
    "dog",
    "frog",
    "horse",
    "ship",
    "truck"
  ]
}