{
  "name": "distillation",
  "metrics": {
    "train_loss": [],
    "train_accuracy": [],
    "val_loss": [],
    "val_accuracy": []
  },
  "accuracy": 0.7608,
  "confusion": [
    [
      872.0,
      12.0,
      31.0,
      12.0,
      7.0,
      6.0,
      6.0,
      7.0,
      25.0,
      22.0
    ],
    [
      25.0,
      883.0,
      6.0,
      6.0,
      1.0,
      6.0,
      11.0,
      3.0,
      19.0,
      40.0
    ],
    [
      67.0,
      5.0,
      686.0,
      38.0,
      60.0,
      54.0,
      52.0,
      27.0,
      3.0,
      8.0
    ],
    [
      33.0,
      11.0,
      66.0,
      494.0,
      50.0,
      193.0,
      99.0,
      36.0,
      8.0,
      10.0
    ],
    [
      30.0,
      3.0,
      60.0,
      39.0,
      718.0,
      31.0,
      57.0,
      56.0,
      3.0,
      3.0
    ],
    [
      15.0,
      4.0,
      55.0,
      107.0,
      31.0,
      675.0,
      50.0,
      54.0,
      3.0,
      6.0
    ],
    [
      11.0,
      8.0,
      32.0,
      28.0,
      19.0,
      21.0,
      865.0,
      7.0,
      5.0,
      4.0
    ],
    [
      24.0,
      3.0,
      28.0,
      23.0,
      33.0,
      51.0,
      11.0,
      820.0,
      1.0,
      6.0
    ],
    [
      93.0,
      32.0,
      12.0,
      9.0,
      8.0,
      8.0,
      6.0,
      6.0,
      810.0,
      16.0
    ],
    [
      55.0,
      98.0,
      9.0,
      10.0,
      1.0,
      6.0,
      11.0,
      10.0,
      15.0,
      785.0
    ]
  ],
  "classRecall": [
    0.871999979019165,
    0.8830000162124634,
    0.6859999895095825,
    0.49399998784065247,
    0.7179999947547913,
    0.675000011920929,
    0.8650000095367432,
    0.8199999928474426,
    0.8100000023841858,
    0.7850000262260437
  ],
  "classPrecision": [
    0.7118367552757263,
    0.833805501461029,
    0.6964467167854309,
    0.644908607006073,
    0.7737069129943848,
    0.6422454714775085,
    0.7405821681022644,
    0.7992202639579773,
    0.908071756362915,
    0.8722222447395325
  ],
  "classes": [
    "plane",
    "car",
    "bird",
    "cat",
    "deer",
    "dog",
    "frog",
    "horse",
    "ship",
    "truck"
  ]
}