{
  "name": "distillation",
  "metrics": {
    "train_loss": [],
    "train_accuracy": [],
    "val_loss": [],
    "val_accuracy": []
  },
  "accuracy": 0.7519,
  "confusion": [
    [
      943.0,
      5.0,
      7.0,
      7.0,
      1.0,
      3.0,
      4.0,
      3.0,
      17.0,
      10.0
    ],
    [
      83.0,
      772.0,
      3.0,
      2.0,
      1.0,
      4.0,
      5.0,
      0.0,
      14.0,
      116.0
    ],
    [
      163.0,
      2.0,
      606.0,
      51.0,
      65.0,
      49.0,
      28.0,
      31.0,
      4.0,
      1.0
    ],
    [
      63.0,
      6.0,
      61.0,
      575.0,
      41.0,
      154.0,
      50.0,
      34.0,
      6.0,
      10.0
    ],
    [
      96.0,
      2.0,
      31.0,
      34.0,
      737.0,
      33.0,
      27.0,
      34.0,
      4.0,
      2.0
    ],
    [
      36.0,
      1.0,
      31.0,
      159.0,
      42.0,
      658.0,
      27.0,
      38.0,
      3.0,
      5.0
    ],
    [
      32.0,
      3.0,
      22.0,
      56.0,
      28.0,
      16.0,
      825.0,
      6.0,
      6.0,
      6.0
    ],
    [
      40.0,
      0.0,
      15.0,
      42.0,
      41.0,
      52.0,
      3.0,
      800.0,
      1.0,
      6.0
    ],
    [
      185.0,
      16.0,
      6.0,
      8.0,
      4.0,
      4.0,
      1.0,
      3.0,
      757.0,
      16.0
    ],
    [
      73.0,
      31.0,
      5.0,
      7.0,
      2.0,
      5.0,
      3.0,
      7.0,
      21.0,
      846.0
    ]
  ],
  "classRecall": [
    0.9430000185966492,
    0.7720000147819519,
    0.6060000061988831,
    0.574999988079071,
    0.7369999885559082,
    0.6579999923706055,
    0.824999988079071,
    0.800000011920929,
    0.7570000290870667,
    0.8460000157356262
  ],
  "classPrecision": [
    0.5501750111579895,
    0.921241044998169,
    0.7700126767158508,
    0.6110520958900452,
    0.7661122679710388,
    0.6728016138076782,
    0.8478931188583374,
    0.8368200659751892,
    0.9087635278701782,
    0.8310412764549255
  ],
  "classes": [
    "plane",
    "car",
    "bird",
    "cat",
    "deer",
    "dog",
    "frog",
    "horse",
    "ship",
    "truck"
  ]
}