{
  "name": "distillation",
  "metrics": {
    "train_loss": [],
    "train_accuracy": [],
    "val_loss": [],
    "val_accuracy": []
  },
  "accuracy": 0.771,
  "confusion": [
    [
      878.0,
      16.0,
      21.0,
      18.0,
      12.0,
      3.0,
      7.0,
      8.0,
      21.0,
      16.0
    ],
    [
      18.0,
      859.0,
      2.0,
      5.0,
      2.0,
      2.0,
      5.0,
      3.0,
      15.0,
      89.0
    ],
    [
      70.0,
      6.0,
      671.0,
      55.0,
      70.0,
      30.0,
      54.0,
      32.0,
      6.0,
      6.0
    ],
    [
      26.0,
      10.0,
      64.0,
      585.0,
      71.0,
      104.0,
      79.0,
      37.0,
      10.0,
      14.0
    ],
    [
      17.0,
      6.0,
      52.0,
      47.0,
      765.0,
      19.0,
      41.0,
      48.0,
      3.0,
      2.0
    ],
    [
      18.0,
      2.0,
      53.0,
      195.0,
      44.0,
      588.0,
      33.0,
      59.0,
      1.0,
      7.0
    ],
    [
      7.0,
      6.0,
      27.0,
      33.0,
      29.0,
      10.0,
      869.0,
      9.0,
      5.0,
      5.0
    ],
    [
      20.0,
      3.0,
      26.0,
      35.0,
      44.0,
      25.0,
      4.0,
      835.0,
      0.0,
      8.0
    ],
    [
      85.0,
      27.0,
      8.0,
      14.0,
      5.0,
      2.0,
      2.0,
      3.0,
      828.0,
      26.0
    ],
    [
      50.0,
      68.0,
      2.0,
      9.0,
      2.0,
      6.0,
      2.0,
      8.0,
      21.0,
      832.0
    ]
  ],
  "classRecall": [
    0.878000020980835,
    0.859000027179718,
    0.6710000038146973,
    0.5849999785423279,
    0.7649999856948853,
    0.5879999995231628,
    0.8690000176429749,
    0.8349999785423279,
    0.828000009059906,
    0.8320000171661377
  ],
  "classPrecision": [
    0.738435685634613,
    0.85643070936203,
    0.7246220111846924,
    0.5873494148254395,
    0.732758641242981,
    0.7452471256256104,
    0.7928832173347473,
    0.801343560218811,
    0.9098901152610779,
    0.8278607130050659
  ],
  "classes": [
    "plane",
    "car",
    "bird",
    "cat",
    "deer",
    "dog",
    "frog",
    "horse",
    "ship",
    "truck"
  ]
}