{
  "name": "distillation",
  "metrics": {
    "train_loss": [],
    "train_accuracy": [],
    "val_loss": [],
    "val_accuracy": []
  },
  "accuracy": 0.7652,
  "confusion": [
    [
      876.0,
      13.0,
      19.0,
      14.0,
      8.0,
      4.0,
      7.0,
      5.0,
      22.0,
      32.0
    ],
    [
      21.0,
      843.0,
      4.0,
      9.0,
      0.0,
      5.0,
      11.0,
      0.0,
      12.0,
      95.0
    ],
    [
      82.0,
      4.0,
      670.0,
      61.0,
      63.0,
      51.0,
      37.0,
      17.0,
      11.0,
      4.0
    ],
    [
      34.0,
      3.0,
      64.0,
      617.0,
      54.0,
      135.0,
      45.0,
      24.0,
      8.0,
      16.0
    ],
    [
      38.0,
      4.0,
      55.0,
      51.0,
      734.0,
      35.0,
      41.0,
      33.0,
      5.0,
      4.0
    ],
    [
      19.0,
      3.0,
      30.0,
      198.0,
      32.0,
      651.0,
      21.0,
      33.0,
      5.0,
      8.0
    ],
    [
      12.0,
      2.0,
      48.0,
      56.0,
      18.0,
      21.0,
      826.0,
      4.0,
      9.0,
      4.0
    ],
    [
      30.0,
      3.0,
      17.0,
      44.0,
      45.0,
      56.0,
      6.0,
      786.0,
      1.0,
      12.0
    ],
    [
      110.0,
      19.0,
      10.0,
      11.0,
      1.0,
      5.0,
      6.0,
      2.0,
      804.0,
      32.0
    ],
    [
      43.0,
      56.0,
      4.0,
      16.0,
      4.0,
      7.0,
      1.0,
      8.0,
      16.0,
      845.0
    ]
  ],
  "classRecall": [
    0.8759999871253967,
    0.8429999947547913,
    0.6700000166893005,
    0.6169999837875366,
    0.734000027179718,
    0.6510000228881836,
    0.8259999752044678,
    0.7860000133514404,
    0.8040000200271606,
    0.8450000286102295
  ],
  "classPrecision": [
    0.6924901008605957,
    0.8873684406280518,
    0.7274701595306396,
    0.572887659072876,
    0.7653806209564209,
    0.6711339950561523,
    0.8251748085021973,
    0.8618420958518982,
    0.900335967540741,
    0.803231954574585
  ],
  "classes": [
    "plane",
    "car",
    "bird",
    "cat",
    "deer",
    "dog",
    "frog",
    "horse",
    "ship",
    "truck"
  ]
}