{
  "name": "model",
  "metrics": {
    "train_loss": [
      0.5793566448952664,
      0.728054104372859,
      0.5032507449557836,
      0.5814113901420073,
      0.4290652993473817,
      0.5622301374308087
    ],
    "train_accuracy": [
      0.8137777777777778,
      0.7743333333333333,
      0.8425777777777778,
      0.8215555555555556,
      0.8748666666666667,
      0.8501777777777778
    ],
    "val_loss": [
      0.6718089178204536,
      0.8999781675636769,
      0.7469837573356927,
      0.9664256647229195,
      0.825591754168272,
      1.0984233349561692
    ],
    "val_accuracy": [
      0.772,
      0.7344,
      0.7694,
      0.7502,
      0.7786,
      0.74
    ]
  },
  "accuracy": 0.7253,
  "confusion": [
    [
      988.0,
      1.0,
      2.0,
      3.0,
      1.0,
      0.0,
      0.0,
      0.0,
      5.0,
      0.0
    ],
    [
      197.0,
      769.0,
      0.0,
      0.0,
      0.0,
      2.0,
      2.0,
      0.0,
      3.0,
      27.0
    ],
    [
      260.0,
      1.0,
      622.0,
      31.0,
      15.0,
      27.0,
      32.0,
      8.0,
      3.0,
      1.0
    ],
    [
      145.0,
      9.0,
      57.0,
      607.0,
      25.0,
      84.0,
      49.0,
      13.0,
      7.0,
      4.0
    ],
    [
      198.0,
      3.0,
      57.0,
      38.0,
      616.0,
      26.0,
      41.0,
      14.0,
      6.0,
      1.0
    ],
    [
      71.0,
      2.0,
      38.0,
      156.0,
      18.0,
      652.0,
      38.0,
      13.0,
      8.0,
      4.0
    ],
    [
      73.0,
      1.0,
      26.0,
      26.0,
      9.0,
      1.0,
      855.0,
      2.0,
      3.0,
      4.0
    ],
    [
      79.0,
      4.0,
      18.0,
      40.0,
      35.0,
      56.0,
      16.0,
      744.0,
      5.0,
      3.0
    ],
    [
      284.0,
      9.0,
      2.0,
      1.0,
      1.0,
      1.0,
      0.0,
      1.0,
      696.0,
      5.0
    ],
    [
      226.0,
      43.0,
      0.0,
      6.0,
      1.0,
      0.0,
      2.0,
      2.0,
      16.0,
      704.0
    ]
  ],
  "classRecall": [
    0.9879999756813049,
    0.7689999938011169,
    0.621999979019165,
    0.6069999933242798,
    0.6159999966621399,
    0.6520000100135803,
    0.8550000190734863,
    0.7440000176429749,
    0.6959999799728394,
    0.7039999961853027
  ],
  "classPrecision": [
    0.3919079601764679,
    0.9133016467094421,
    0.7566909790039062,
    0.6685022115707397,
    0.8543689250946045,
    0.7679623365402222,
    0.8260869383811951,
    0.9335006475448608,
    0.9255319237709045,
    0.9349269866943359
  ],
  "classes": [
    "plane",
    "car",
    "bird",
    "cat",
    "deer",
    "dog",
    "frog",
    "horse",
    "ship",
    "truck"
  ]
}