{
  "name": "model",
  "metrics": {
    "train_loss": [
      0.6101263703947718,
      0.715560723434795,
      0.7911915933205322,
      2.400638884780082,
      0.7006201750006188,
      0.41533403081650083
    ],
    "train_accuracy": [
      0.8033777777777777,
      0.7788888888888889,
      0.7744222222222222,
      0.5569111111111111,
      0.8111555555555555,
      0.8804666666666666
    ],
    "val_loss": [
      0.7047414153814315,
      0.9083438850939274,
      1.141445590555668,
      2.6418928623199465,
      1.1882489562034606,
      0.8696884647011757
    ],
    "val_accuracy": [
      0.7648,
      0.7314,
      0.7036,
      0.5322,
      0.7224,
      0.7722
    ]
  },
  "accuracy": 0.7515,
  "confusion": [
    [
      946.0,
      2.0,
      2.0,
      17.0,
      2.0,
      6.0,
      1.0,
      5.0,
      10.0,
      9.0
    ],
    [
      174.0,
      750.0,
      1.0,
      11.0,
      1.0,
      12.0,
      1.0,
      1.0,
      4.0,
      45.0
    ],
    [
      300.0,
      0.0,
      515.0,
      69.0,
      32.0,
      37.0,
      28.0,
      19.0,
      0.0,
      0.0
    ],
    [
      51.0,
      0.0,
      13.0,
      710.0,
      20.0,
      161.0,
      27.0,
      18.0,
      0.0,
      0.0
    ],
    [
      56.0,
      1.0,
      31.0,
      81.0,
      711.0,
      36.0,
      39.0,
      43.0,
      2.0,
      0.0
    ],
    [
      23.0,
      0.0,
      17.0,
      148.0,
      17.0,
      762.0,
      10.0,
      22.0,
      0.0,
      1.0
    ],
    [
      74.0,
      0.0,
      10.0,
      77.0,
      11.0,
      23.0,
      802.0,
      2.0,
      0.0,
      1.0
    ],
    [
      39.0,
      2.0,
      6.0,
      67.0,
      21.0,
      53.0,
      4.0,
      805.0,
      0.0,
      3.0
    ],
    [
      222.0,
      9.0,
      4.0,
      19.0,
      0.0,
      8.0,
      0.0,
      5.0,
      713.0,
      20.0
    ],
    [
      119.0,
      24.0,
      0.0,
      30.0,
      1.0,
      14.0,
      0.0,
      2.0,
      9.0,
      801.0
    ]
  ],
  "classRecall": [
    0.9459999799728394,
    0.75,
    0.5149999856948853,
    0.7099999785423279,
    0.7110000252723694,
    0.7620000243186951,
    0.8019999861717224,
    0.8050000071525574,
    0.7129999995231628,
    0.8009999990463257
  ],
  "classPrecision": [
    0.4720558822154999,
    0.9517766237258911,
    0.8597663044929504,
    0.577705442905426,
    0.8713235259056091,
    0.685251772403717,
    0.8793859481811523,
    0.8731019496917725,
    0.9661246538162231,
    0.9102272987365723
  ],
  "classes": [
    "plane",
    "car",
    "bird",
    "cat",
    "deer",
    "dog",
    "frog",
    "horse",
    "ship",
    "truck"
  ]
}