{
  "name": "distillation",
  "metrics": {
    "train_loss": [],
    "train_accuracy": [],
    "val_loss": [],
    "val_accuracy": []
  },
  "accuracy": 0.7318,
  "confusion": [
    [
      847.0,
      11.0,
      33.0,
      11.0,
      22.0,
      4.0,
      8.0,
      5.0,
      38.0,
      21.0
    ],
    [
      41.0,
      828.0,
      7.0,
      9.0,
      0.0,
      2.0,
      11.0,
      0.0,
      34.0,
      68.0
    ],
    [
      88.0,
      4.0,
      613.0,
      74.0,
      83.0,
      56.0,
      45.0,
      25.0,
      7.0,
      5.0
    ],
    [
      33.0,
      6.0,
      71.0,
      561.0,
      55.0,
      154.0,
      62.0,
      36.0,
      12.0,
      10.0
    ],
    [
      22.0,
      5.0,
      66.0,
      67.0,
      682.0,
      31.0,
      45.0,
      74.0,
      5.0,
      3.0
    ],
    [
      18.0,
      7.0,
      38.0,
      236.0,
      46.0,
      572.0,
      26.0,
      52.0,
      2.0,
      3.0
    ],
    [
      13.0,
      5.0,
      55.0,
      61.0,
      22.0,
      16.0,
      811.0,
      8.0,
      7.0,
      2.0
    ],
    [
      31.0,
      1.0,
      24.0,
      36.0,
      43.0,
      54.0,
      6.0,
      793.0,
      2.0,
      10.0
    ],
    [
      89.0,
      25.0,
      12.0,
      13.0,
      8.0,
      5.0,
      1.0,
      1.0,
      837.0,
      9.0
    ],
    [
      71.0,
      84.0,
      4.0,
      16.0,
      7.0,
      6.0,
      5.0,
      8.0,
      25.0,
      774.0
    ]
  ],
  "classRecall": [
    0.847000002861023,
    0.828000009059906,
    0.6129999756813049,
    0.5609999895095825,
    0.6819999814033508,
    0.5720000267028809,
    0.8109999895095825,
    0.7929999828338623,
    0.8370000123977661,
    0.7739999890327454
  ],
  "classPrecision": [
    0.6759776473045349,
    0.8483606576919556,
    0.664138674736023,
    0.51752769947052,
    0.7045454382896423,
    0.6355555653572083,
    0.795098066329956,
    0.7914171814918518,
    0.8637771010398865,
    0.8552486300468445
  ],
  "classes": [
    "plane",
    "car",
    "bird",
    "cat",
    "deer",
    "dog",
    "frog",
    "horse",
    "ship",
    "truck"
  ]
}