{
  "name": "distillation",
  "metrics": {
    "train_loss": [],
    "train_accuracy": [],
    "val_loss": [],
    "val_accuracy": []
  },
  "accuracy": 0.6648,
  "confusion": [
    [
      924.0,
      1.0,
      4.0,
      17.0,
      5.0,
      2.0,
      5.0,
      1.0,
      19.0,
      22.0
    ],
    [
      117.0,
      560.0,
      0.0,
      12.0,
      1.0,
      5.0,
      15.0,
      2.0,
      30.0,
      258.0
    ],
    [
      283.0,
      0.0,
      381.0,
      76.0,
      50.0,
      107.0,
      73.0,
      24.0,
      2.0,
      4.0
    ],
    [
      95.0,
      3.0,
      25.0,
      531.0,
      32.0,
      204.0,
      58.0,
      27.0,
      3.0,
      22.0
    ],
    [
      162.0,
      1.0,
      39.0,
      71.0,
      548.0,
      41.0,
      67.0,
      70.0,
      1.0,
      0.0
    ],
    [
      59.0,
      1.0,
      19.0,
      195.0,
      26.0,
      608.0,
      18.0,
      67.0,
      0.0,
      7.0
    ],
    [
      47.0,
      4.0,
      20.0,
      80.0,
      16.0,
      19.0,
      801.0,
      4.0,
      3.0,
      6.0
    ],
    [
      80.0,
      0.0,
      8.0,
      39.0,
      28.0,
      64.0,
      9.0,
      750.0,
      1.0,
      21.0
    ],
    [
      217.0,
      17.0,
      1.0,
      13.0,
      0.0,
      1.0,
      2.0,
      1.0,
      723.0,
      25.0
    ],
    [
      112.0,
      18.0,
      1.0,
      20.0,
      1.0,
      2.0,
      2.0,
      9.0,
      13.0,
      822.0
    ]
  ],
  "classRecall": [
    0.9240000247955322,
    0.5600000023841858,
    0.38100001215934753,
    0.531000018119812,
    0.5479999780654907,
    0.6079999804496765,
    0.8009999990463257,
    0.75,
    0.7229999899864197,
    0.8220000267028809
  ],
  "classPrecision": [
    0.4408397078514099,
    0.9256198406219482,
    0.7650602459907532,
    0.5037950873374939,
    0.7751060724258423,
    0.577397882938385,
    0.7628571391105652,
    0.7853403091430664,
    0.9094339609146118,
    0.6925020813941956
  ],
  "classes": [
    "plane",
    "car",
    "bird",
    "cat",
    "deer",
    "dog",
    "frog",
    "horse",
    "ship",
    "truck"
  ]
}