{
  "name": "distillation",
  "metrics": {
    "train_loss": [],
    "train_accuracy": [],
    "val_loss": [],
    "val_accuracy": []
  },
  "accuracy": 0.4624,
  "confusion": [
    [
      988.0,
      6.0,
      0.0,
      3.0,
      1.0,
      1.0,
      0.0,
      0.0,
      0.0,
      1.0
    ],
    [
      276.0,
      697.0,
      0.0,
      4.0,
      0.0,
      3.0,
      6.0,
      0.0,
      0.0,
      14.0
    ],
    [
      586.0,
      1.0,
      125.0,
      61.0,
      37.0,
      119.0,
      58.0,
      12.0,
      0.0,
      1.0
    ],
    [
      325.0,
      4.0,
      2.0,
      445.0,
      6.0,
      138.0,
      61.0,
      13.0,
      0.0,
      6.0
    ],
    [
      464.0,
      1.0,
      5.0,
      72.0,
      286.0,
      54.0,
      80.0,
      38.0,
      0.0,
      0.0
    ],
    [
      188.0,
      3.0,
      2.0,
      265.0,
      14.0,
      471.0,
      22.0,
      35.0,
      0.0,
      0.0
    ],
    [
      200.0,
      1.0,
      3.0,
      55.0,
      7.0,
      19.0,
      715.0,
      0.0,
      0.0,
      0.0
    ],
    [
      363.0,
      1.0,
      0.0,
      18.0,
      16.0,
      87.0,
      4.0,
      510.0,
      0.0,
      1.0
    ],
    [
      926.0,
      30.0,
      1.0,
      5.0,
      0.0,
      1.0,
      0.0,
      0.0,
      35.0,
      2.0
    ],
    [
      519.0,
      117.0,
      0.0,
      5.0,
      0.0,
      3.0,
      1.0,
      3.0,
      0.0,
      352.0
    ]
  ],
  "classRecall": [
    0.9879999756813049,
    0.6970000267028809,
    0.125,
    0.4449999928474426,
    0.28600001335144043,
    0.47099998593330383,
    0.7149999737739563,
    0.5099999904632568,
    0.03500000014901161,
    0.35199999809265137
  ],
  "classPrecision": [
    0.20434333384037018,
    0.8095238208770752,
    0.9057971239089966,
    0.4769560694694519,
    0.779291570186615,
    0.5256696343421936,
    0.7550158500671387,
    0.8346972465515137,
    1.0,
    0.9336870312690735
  ],
  "classes": [
    "plane",
    "car",
    "bird",
    "cat",
    "deer",
    "dog",
    "frog",
    "horse",
    "ship",
    "truck"
  ]
}