{
  "name": "distillation",
  "metrics": {
    "train_loss": [],
    "train_accuracy": [],
    "val_loss": [],
    "val_accuracy": []
  },
  "accuracy": 0.7167,
  "confusion": [
    [
      851.0,
      14.0,
      14.0,
      20.0,
      7.0,
      2.0,
      6.0,
      6.0,
      42.0,
      38.0
    ],
    [
      40.0,
      829.0,
      2.0,
      12.0,
      1.0,
      1.0,
      17.0,
      0.0,
      19.0,
      79.0
    ],
    [
      137.0,
      6.0,
      564.0,
      98.0,
      77.0,
      38.0,
      49.0,
      15.0,
      7.0,
      9.0
    ],
    [
      45.0,
      12.0,
      51.0,
      597.0,
      51.0,
      111.0,
      88.0,
      19.0,
      11.0,
      15.0
    ],
    [
      54.0,
      1.0,
      64.0,
      90.0,
      679.0,
      25.0,
      42.0,
      36.0,
      7.0,
      2.0
    ],
    [
      25.0,
      6.0,
      44.0,
      317.0,
      32.0,
      494.0,
      32.0,
      38.0,
      4.0,
      8.0
    ],
    [
      16.0,
      13.0,
      35.0,
      59.0,
      27.0,
      13.0,
      824.0,
      5.0,
      5.0,
      3.0
    ],
    [
      29.0,
      9.0,
      29.0,
      63.0,
      44.0,
      67.0,
      9.0,
      722.0,
      2.0,
      26.0
    ],
    [
      114.0,
      36.0,
      7.0,
      10.0,
      4.0,
      6.0,
      2.0,
      5.0,
      783.0,
      33.0
    ],
    [
      43.0,
      79.0,
      8.0,
      9.0,
      4.0,
      2.0,
      6.0,
      8.0,
      17.0,
      824.0
    ]
  ],
  "classRecall": [
    0.8510000109672546,
    0.8289999961853027,
    0.5640000104904175,
    0.597000002861023,
    0.6790000200271606,
    0.49399998784065247,
    0.8240000009536743,
    0.722000002861023,
    0.7829999923706055,
    0.8240000009536743
  ],
  "classPrecision": [
    0.6285081505775452,
    0.8248755931854248,
    0.689486563205719,
    0.4682352840900421,
    0.7332613468170166,
    0.6508563756942749,
    0.7665116190910339,
    0.845433235168457,
    0.8729097247123718,
    0.7945998311042786
  ],
  "classes": [
    "plane",
    "car",
    "bird",
    "cat",
    "deer",
    "dog",
    "frog",
    "horse",
    "ship",
    "truck"
  ]
}