{
  "name": "distillation",
  "metrics": {
    "train_loss": [],
    "train_accuracy": [],
    "val_loss": [],
    "val_accuracy": []
  },
  "accuracy": 0.6815,
  "confusion": [
    [
      911.0,
      11.0,
      4.0,
      12.0,
      10.0,
      1.0,
      4.0,
      8.0,
      11.0,
      28.0
    ],
    [
      92.0,
      750.0,
      2.0,
      11.0,
      1.0,
      3.0,
      9.0,
      5.0,
      14.0,
      113.0
    ],
    [
      201.0,
      8.0,
      541.0,
      50.0,
      70.0,
      42.0,
      53.0,
      24.0,
      1.0,
      10.0
    ],
    [
      84.0,
      3.0,
      56.0,
      490.0,
      46.0,
      175.0,
      72.0,
      42.0,
      9.0,
      23.0
    ],
    [
      77.0,
      2.0,
      83.0,
      47.0,
      640.0,
      29.0,
      48.0,
      69.0,
      1.0,
      4.0
    ],
    [
      56.0,
      6.0,
      35.0,
      195.0,
      39.0,
      579.0,
      26.0,
      50.0,
      1.0,
      13.0
    ],
    [
      30.0,
      3.0,
      36.0,
      61.0,
      31.0,
      22.0,
      797.0,
      5.0,
      4.0,
      11.0
    ],
    [
      62.0,
      6.0,
      24.0,
      31.0,
      40.0,
      66.0,
      13.0,
      738.0,
      3.0,
      17.0
    ],
    [
      328.0,
      33.0,
      5.0,
      7.0,
      3.0,
      2.0,
      2.0,
      2.0,
      588.0,
      30.0
    ],
    [
      94.0,
      76.0,
      5.0,
      10.0,
      8.0,
      3.0,
      5.0,
      12.0,
      6.0,
      781.0
    ]
  ],
  "classRecall": [
    0.9110000133514404,
    0.75,
    0.5410000085830688,
    0.49000000953674316,
    0.6399999856948853,
    0.5789999961853027,
    0.796999990940094,
    0.7379999756813049,
    0.5879999995231628,
    0.781000018119812
  ],
  "classPrecision": [
    0.4708010256290436,
    0.8351892828941345,
    0.6839443445205688,
    0.5361050367355347,
    0.7207207083702087,
    0.6279826760292053,
    0.7745383977890015,
    0.772774875164032,
    0.9216300845146179,
    0.7582524418830872
  ],
  "classes": [
    "plane",
    "car",
    "bird",
    "cat",
    "deer",
    "dog",
    "frog",
    "horse",
    "ship",
    "truck"
  ]
}