{
  "name": "model",
  "metrics": {
    "train_loss": [
      1.549605872820724,
      1.4981417540799489,
      1.6139600425958633,
      1.5008700415492058,
      1.3536161763424224,
      1.2980396053330465,
      1.3832931957122954,
      1.073628488589417,
      1.2442727387798103,
      2.144544723613018,
      0.7399284693158485,
      0.7139232725074346,
      0.6984480958939954,
      0.463248214896091,
      0.4212448804808611,
      0.3807738275182518,
      0.33475077131085773,
      0.39667756542224775,
      0.3143508897416971
    ],
    "train_accuracy": [
      0.4803777777777778,
      0.5271111111111111,
      0.5416222222222222,
      0.5894444444444444,
      0.6335333333333333,
      0.6664,
      0.7018222222222222,
      0.7099111111111112,
      0.7522,
      0.7848,
      0.8008666666666666,
      0.8054444444444444,
      0.8140444444444445,
      0.8664666666666667,
      0.8770444444444444,
      0.8862666666666666,
      0.8993333333333333,
      0.8902444444444444,
      0.9076888888888889
    ],
    "val_loss": [
      1.5397882401943206,
      1.5260197818279266,
      1.7186181455850602,
      1.6073846757411956,
      1.5303878039121628,
      1.562054693698883,
      1.3782468512654305,
      1.4461121544241906,
      1.5176050990819931,
      1.2768420442938804,
      1.4183736428618432,
      1.4172388762235641,
      1.414478150010109,
      1.2700755432248116,
      1.3380449771881104,
      1.3308898225426673,
      1.2824290975928307,
      1.391865509748459,
      1.307321634888649
    ],
    "val_accuracy": [
      0.4742,
      0.511,
      0.5208,
      0.5568,
      0.595,
      0.6044,
      0.624,
      0.6278,
      0.6598,
      0.6818,
      0.673,
      0.683,
      0.6888,
      0.7028,
      0.7086,
      0.7114,
      0.7208,
      0.7104,
      0.7208
    ]
  },
  "accuracy": 0.7059,
  "confusion": [
    [
      982.0,
      2.0,
      3.0,
      1.0,
      3.0,
      1.0,
      0.0,
      4.0,
      2.0,
      2.0
    ],
    [
      188.0,
      760.0,
      2.0,
      3.0,
      3.0,
      4.0,
      4.0,
      0.0,
      5.0,
      31.0
    ],
    [
      267.0,
      0.0,
      595.0,
      34.0,
      41.0,
      20.0,
      29.0,
      14.0,
      0.0,
      0.0
    ],
    [
      155.0,
      4.0,
      31.0,
      604.0,
      30.0,
      111.0,
      37.0,
      22.0,
      2.0,
      4.0
    ],
    [
      160.0,
      0.0,
      34.0,
      23.0,
      703.0,
      27.0,
      12.0,
      40.0,
      1.0,
      0.0
    ],
    [
      114.0,
      1.0,
      18.0,
      190.0,
      25.0,
      604.0,
      13.0,
      31.0,
      1.0,
      3.0
    ],
    [
      122.0,
      0.0,
      24.0,
      29.0,
      37.0,
      10.0,
      774.0,
      2.0,
      0.0,
      2.0
    ],
    [
      105.0,
      2.0,
      5.0,
      27.0,
      41.0,
      30.0,
      2.0,
      785.0,
      2.0,
      1.0
    ],
    [
      448.0,
      4.0,
      2.0,
      2.0,
      0.0,
      1.0,
      0.0,
      0.0,
      532.0,
      11.0
    ],
    [
      224.0,
      34.0,
      1.0,
      10.0,
      2.0,
      1.0,
      2.0,
      2.0,
      4.0,
      720.0
    ]
  ],
  "classRecall": [
    0.9819999933242798,
    0.7599999904632568,
    0.5950000286102295,
    0.6039999723434448,
    0.703000009059906,
    0.6039999723434448,
    0.7739999890327454,
    0.7850000262260437,
    0.5320000052452087,
    0.7200000286102295
  ],
  "classPrecision": [
    0.3551537096500397,
    0.9417595863342285,
    0.8321678042411804,
    0.654387891292572,
    0.794350266456604,
    0.7466007471084595,
    0.8865979313850403,
    0.8722222447395325,
    0.9690346121788025,
    0.930232584476471
  ],
  "classes": [
    "plane",
    "car",
    "bird",
    "cat",
    "deer",
    "dog",
    "frog",
    "horse",
    "ship",
    "truck"
  ]
}