{
  "name": "student",
  "metrics": {
    "train_loss": [],
    "train_accuracy": [],
    "val_loss": [],
    "val_accuracy": []
  },
  "accuracy": 0.7465,
  "confusion": [
    [
      784.0,
      26.0,
      27.0,
      10.0,
      27.0,
      13.0,
      9.0,
      14.0,
      60.0,
      30.0
    ],
    [
      7.0,
      882.0,
      8.0,
      7.0,
      1.0,
      5.0,
      4.0,
      1.0,
      24.0,
      61.0
    ],
    [
      84.0,
      7.0,
      637.0,
      47.0,
      60.0,
      70.0,
      61.0,
      20.0,
      5.0,
      9.0
    ],
    [
      27.0,
      11.0,
      60.0,
      464.0,
      62.0,
      253.0,
      57.0,
      37.0,
      9.0,
      20.0
    ],
    [
      17.0,
      3.0,
      91.0,
      39.0,
      694.0,
      49.0,
      34.0,
      62.0,
      7.0,
      4.0
    ],
    [
      11.0,
      4.0,
      48.0,
      108.0,
      30.0,
      710.0,
      22.0,
      51.0,
      8.0,
      8.0
    ],
    [
      9.0,
      7.0,
      38.0,
      34.0,
      26.0,
      34.0,
      836.0,
      9.0,
      4.0,
      3.0
    ],
    [
      18.0,
      3.0,
      28.0,
      19.0,
      52.0,
      72.0,
      4.0,
      786.0,
      1.0,
      17.0
    ],
    [
      54.0,
      19.0,
      13.0,
      10.0,
      8.0,
      9.0,
      7.0,
      3.0,
      868.0,
      9.0
    ],
    [
      29.0,
      86.0,
      10.0,
      11.0,
      7.0,
      5.0,
      6.0,
      9.0,
      33.0,
      804.0
    ]
  ],
  "classRecall": [
    0.7839999794960022,
    0.8820000290870667,
    0.6370000243186951,
    0.46399998664855957,
    0.6940000057220459,
    0.7099999785423279,
    0.8360000252723694,
    0.7860000133514404,
    0.8679999709129333,
    0.8040000200271606
  ],
  "classPrecision": [
    0.7538461685180664,
    0.8416030406951904,
    0.6635416746139526,
    0.6194926500320435,
    0.7176835536956787,
    0.5819672346115112,
    0.8038461804389954,
    0.7923387289047241,
    0.8518155217170715,
    0.8331606388092041
  ],
  "classes": [
    "plane",
    "car",
    "bird",
    "cat",
    "deer",
    "dog",
    "frog",
    "horse",
    "ship",
    "truck"
  ]
}