{
  "name": "student",
  "metrics": {
    "train_loss": [],
    "train_accuracy": [],
    "val_loss": [],
    "val_accuracy": []
  },
  "accuracy": 0.5934,
  "confusion": [
    [
      707.0,
      24.0,
      104.0,
      5.0,
      10.0,
      3.0,
      5.0,
      8.0,
      95.0,
      39.0
    ],
    [
      30.0,
      741.0,
      16.0,
      17.0,
      1.0,
      2.0,
      16.0,
      7.0,
      61.0,
      109.0
    ],
    [
      79.0,
      9.0,
      584.0,
      61.0,
      56.0,
      83.0,
      80.0,
      11.0,
      20.0,
      17.0
    ],
    [
      41.0,
      20.0,
      159.0,
      360.0,
      56.0,
      139.0,
      136.0,
      14.0,
      43.0,
      32.0
    ],
    [
      40.0,
      8.0,
      242.0,
      93.0,
      379.0,
      22.0,
      145.0,
      46.0,
      16.0,
      9.0
    ],
    [
      20.0,
      7.0,
      171.0,
      178.0,
      43.0,
      416.0,
      78.0,
      45.0,
      24.0,
      18.0
    ],
    [
      11.0,
      24.0,
      114.0,
      55.0,
      14.0,
      8.0,
      732.0,
      3.0,
      31.0,
      8.0
    ],
    [
      59.0,
      8.0,
      104.0,
      57.0,
      62.0,
      62.0,
      31.0,
      560.0,
      8.0,
      49.0
    ],
    [
      130.0,
      40.0,
      22.0,
      26.0,
      3.0,
      6.0,
      2.0,
      2.0,
      742.0,
      27.0
    ],
    [
      56.0,
      107.0,
      11.0,
      22.0,
      4.0,
      4.0,
      21.0,
      5.0,
      57.0,
      713.0
    ]
  ],
  "classRecall": [
    0.7070000171661377,
    0.7409999966621399,
    0.5839999914169312,
    0.36000001430511475,
    0.3790000081062317,
    0.41600000858306885,
    0.7319999933242798,
    0.5600000023841858,
    0.7419999837875366,
    0.7129999995231628
  ],
  "classPrecision": [
    0.6027280688285828,
    0.75,
    0.3824492394924164,
    0.4118993282318115,
    0.6035031676292419,
    0.5583892464637756,
    0.5874799489974976,
    0.7988587617874146,
    0.6763901710510254,
    0.6983349919319153
  ],
  "classes": [
    "plane",
    "car",
    "bird",
    "cat",
    "deer",
    "dog",
    "frog",
    "horse",
    "ship",
    "truck"
  ]
}