{
  "name": "student",
  "metrics": {
    "train_loss": [],
    "train_accuracy": [],
    "val_loss": [],
    "val_accuracy": []
  },
  "accuracy": 0.6167,
  "confusion": [
    [
      689.0,
      16.0,
      49.0,
      27.0,
      32.0,
      1.0,
      8.0,
      19.0,
      110.0,
      49.0
    ],
    [
      17.0,
      743.0,
      5.0,
      17.0,
      2.0,
      3.0,
      11.0,
      10.0,
      76.0,
      116.0
    ],
    [
      93.0,
      13.0,
      432.0,
      109.0,
      70.0,
      89.0,
      115.0,
      52.0,
      21.0,
      6.0
    ],
    [
      31.0,
      9.0,
      65.0,
      507.0,
      46.0,
      133.0,
      102.0,
      49.0,
      35.0,
      23.0
    ],
    [
      40.0,
      3.0,
      92.0,
      130.0,
      440.0,
      34.0,
      119.0,
      121.0,
      17.0,
      4.0
    ],
    [
      19.0,
      6.0,
      51.0,
      330.0,
      33.0,
      394.0,
      50.0,
      89.0,
      15.0,
      13.0
    ],
    [
      5.0,
      9.0,
      28.0,
      119.0,
      18.0,
      12.0,
      776.0,
      11.0,
      11.0,
      11.0
    ],
    [
      20.0,
      3.0,
      23.0,
      94.0,
      32.0,
      46.0,
      28.0,
      725.0,
      7.0,
      22.0
    ],
    [
      109.0,
      39.0,
      12.0,
      29.0,
      6.0,
      2.0,
      7.0,
      10.0,
      764.0,
      22.0
    ],
    [
      47.0,
      98.0,
      5.0,
      50.0,
      0.0,
      13.0,
      12.0,
      22.0,
      56.0,
      697.0
    ]
  ],
  "classRecall": [
    0.6890000104904175,
    0.7429999709129333,
    0.4320000112056732,
    0.5070000290870667,
    0.4399999976158142,
    0.39399999380111694,
    0.7760000228881836,
    0.7250000238418579,
    0.7639999985694885,
    0.6970000267028809
  ],
  "classPrecision": [
    0.6439252495765686,
    0.7912673354148865,
    0.5669291615486145,
    0.35906514525413513,
    0.6480118036270142,
    0.5419532060623169,
    0.6319218277931213,
    0.6543321013450623,
    0.6870503425598145,
    0.7237798571586609
  ],
  "classes": [
    "plane",
    "car",
    "bird",
    "cat",
    "deer",
    "dog",
    "frog",
    "horse",
    "ship",
    "truck"
  ]
}