{
  "name": "student",
  "metrics": {
    "train_loss": [],
    "train_accuracy": [],
    "val_loss": [],
    "val_accuracy": []
  },
  "accuracy": 0.7303,
  "confusion": [
    [
      824.0,
      4.0,
      18.0,
      41.0,
      15.0,
      1.0,
      11.0,
      10.0,
      64.0,
      12.0
    ],
    [
      32.0,
      745.0,
      17.0,
      20.0,
      5.0,
      5.0,
      22.0,
      9.0,
      61.0,
      84.0
    ],
    [
      75.0,
      0.0,
      697.0,
      69.0,
      53.0,
      28.0,
      41.0,
      25.0,
      11.0,
      1.0
    ],
    [
      25.0,
      4.0,
      93.0,
      631.0,
      39.0,
      100.0,
      69.0,
      27.0,
      11.0,
      1.0
    ],
    [
      23.0,
      2.0,
      96.0,
      89.0,
      641.0,
      32.0,
      43.0,
      68.0,
      6.0,
      0.0
    ],
    [
      14.0,
      0.0,
      77.0,
      253.0,
      27.0,
      531.0,
      52.0,
      36.0,
      8.0,
      2.0
    ],
    [
      7.0,
      0.0,
      46.0,
      74.0,
      12.0,
      17.0,
      831.0,
      7.0,
      6.0,
      0.0
    ],
    [
      24.0,
      2.0,
      26.0,
      52.0,
      38.0,
      47.0,
      7.0,
      791.0,
      8.0,
      5.0
    ],
    [
      53.0,
      9.0,
      10.0,
      13.0,
      5.0,
      6.0,
      3.0,
      3.0,
      896.0,
      2.0
    ],
    [
      55.0,
      53.0,
      17.0,
      39.0,
      7.0,
      10.0,
      19.0,
      10.0,
      74.0,
      716.0
    ]
  ],
  "classRecall": [
    0.8240000009536743,
    0.7450000047683716,
    0.6970000267028809,
    0.6309999823570251,
    0.640999972820282,
    0.531000018119812,
    0.8309999704360962,
    0.7910000085830688,
    0.8960000276565552,
    0.7160000205039978
  ],
  "classPrecision": [
    0.7279151678085327,
    0.9096459150314331,
    0.6353691816329956,
    0.4925839304924011,
    0.7612826824188232,
    0.6833977103233337,
    0.7568305730819702,
    0.8022312521934509,
    0.7825327515602112,
    0.8699878454208374
  ],
  "classes": [
    "plane",
    "car",
    "bird",
    "cat",
    "deer",
    "dog",
    "frog",
    "horse",
    "ship",
    "truck"
  ]
}