{
  "name": "student",
  "metrics": {
    "train_loss": [],
    "train_accuracy": [],
    "val_loss": [],
    "val_accuracy": []
  },
  "accuracy": 0.7204,
  "confusion": [
    [
      740.0,
      13.0,
      35.0,
      20.0,
      29.0,
      4.0,
      12.0,
      14.0,
      105.0,
      28.0
    ],
    [
      14.0,
      841.0,
      6.0,
      10.0,
      12.0,
      4.0,
      10.0,
      4.0,
      23.0,
      76.0
    ],
    [
      82.0,
      12.0,
      548.0,
      41.0,
      123.0,
      81.0,
      46.0,
      44.0,
      16.0,
      7.0
    ],
    [
      23.0,
      10.0,
      60.0,
      498.0,
      82.0,
      179.0,
      65.0,
      53.0,
      17.0,
      13.0
    ],
    [
      20.0,
      3.0,
      37.0,
      42.0,
      726.0,
      35.0,
      35.0,
      90.0,
      10.0,
      2.0
    ],
    [
      10.0,
      4.0,
      51.0,
      142.0,
      57.0,
      635.0,
      30.0,
      53.0,
      11.0,
      7.0
    ],
    [
      4.0,
      4.0,
      35.0,
      59.0,
      55.0,
      17.0,
      804.0,
      10.0,
      8.0,
      4.0
    ],
    [
      15.0,
      5.0,
      27.0,
      25.0,
      60.0,
      50.0,
      9.0,
      794.0,
      4.0,
      11.0
    ],
    [
      58.0,
      35.0,
      6.0,
      13.0,
      11.0,
      8.0,
      6.0,
      3.0,
      837.0,
      23.0
    ],
    [
      31.0,
      84.0,
      8.0,
      15.0,
      8.0,
      6.0,
      8.0,
      17.0,
      42.0,
      781.0
    ]
  ],
  "classRecall": [
    0.7400000095367432,
    0.8410000205039978,
    0.5479999780654907,
    0.49799999594688416,
    0.7260000109672546,
    0.6349999904632568,
    0.8040000200271606,
    0.7940000295639038,
    0.8370000123977661,
    0.781000018119812
  ],
  "classPrecision": [
    0.7422266602516174,
    0.8318496346473694,
    0.6740467548370361,
    0.5757225155830383,
    0.6242476105690002,
    0.6231599450111389,
    0.7843902707099915,
    0.733826220035553,
    0.7800559401512146,
    0.8203781247138977
  ],
  "classes": [
    "plane",
    "car",
    "bird",
    "cat",
    "deer",
    "dog",
    "frog",
    "horse",
    "ship",
    "truck"
  ]
}