{
  "name": "student",
  "metrics": {
    "train_loss": [],
    "train_accuracy": [],
    "val_loss": [],
    "val_accuracy": []
  },
  "accuracy": 0.5922,
  "confusion": [
    [
      503.0,
      37.0,
      166.0,
      38.0,
      16.0,
      6.0,
      13.0,
      16.0,
      135.0,
      70.0
    ],
    [
      8.0,
      709.0,
      13.0,
      22.0,
      2.0,
      5.0,
      25.0,
      2.0,
      50.0,
      164.0
    ],
    [
      39.0,
      9.0,
      506.0,
      72.0,
      51.0,
      87.0,
      172.0,
      36.0,
      18.0,
      10.0
    ],
    [
      15.0,
      5.0,
      107.0,
      385.0,
      45.0,
      175.0,
      174.0,
      34.0,
      30.0,
      30.0
    ],
    [
      19.0,
      3.0,
      119.0,
      75.0,
      371.0,
      48.0,
      242.0,
      91.0,
      24.0,
      8.0
    ],
    [
      7.0,
      3.0,
      93.0,
      179.0,
      50.0,
      482.0,
      94.0,
      62.0,
      17.0,
      13.0
    ],
    [
      3.0,
      7.0,
      41.0,
      62.0,
      21.0,
      22.0,
      815.0,
      7.0,
      17.0,
      5.0
    ],
    [
      16.0,
      8.0,
      58.0,
      55.0,
      44.0,
      83.0,
      39.0,
      641.0,
      6.0,
      50.0
    ],
    [
      50.0,
      45.0,
      16.0,
      37.0,
      3.0,
      10.0,
      16.0,
      7.0,
      782.0,
      34.0
    ],
    [
      29.0,
      111.0,
      10.0,
      26.0,
      0.0,
      8.0,
      26.0,
      12.0,
      50.0,
      728.0
    ]
  ],
  "classRecall": [
    0.503000020980835,
    0.7089999914169312,
    0.5059999823570251,
    0.38499999046325684,
    0.3709999918937683,
    0.4819999933242798,
    0.8149999976158142,
    0.640999972820282,
    0.7820000052452087,
    0.7279999852180481
  ],
  "classPrecision": [
    0.7300435304641724,
    0.7566702365875244,
    0.44818422198295593,
    0.4048370122909546,
    0.6152570247650146,
    0.5205183625221252,
    0.5043317079544067,
    0.7059471607208252,
    0.6926483511924744,
    0.6546762585639954
  ],
  "classes": [
    "plane",
    "car",
    "bird",
    "cat",
    "deer",
    "dog",
    "frog",
    "horse",
    "ship",
    "truck"
  ]
}