{
  "name": "model",
  "metrics": {
    "train_loss": [
      3.214166933162646,
      1.6616965554315934,
      2.168713515963067,
      1.1666890800168568,
      1.059924749572846,
      1.0333709287541835,
      1.969470245594328,
      0.9767700746994127,
      1.0150690240446816,
      0.9853459422222592,
      1.2744555924595757,
      1.0072466580366546,
      0.832435995171016
    ],
    "train_accuracy": [
      0.6681777777777778,
      0.7361777777777778,
      0.7416888888888888,
      0.7859555555555555,
      0.7948888888888889,
      0.8099111111111111,
      0.7310444444444445,
      0.8311333333333333,
      0.8060222222222222,
      0.8239111111111111,
      0.8198666666666666,
      0.8185111111111111,
      0.8549555555555556
    ],
    "val_loss": [
      3.628071391582489,
      1.8400761902332305,
      3.1996716260910034,
      1.5956606924533845,
      1.438102050125599,
      1.6078548803925514,
      2.911070765554905,
      1.643655437976122,
      1.607613006234169,
      1.6717252932488917,
      2.315341654419899,
      1.7759268060326576,
      1.8354265302419663
    ],
    "val_accuracy": [
      0.6444,
      0.714,
      0.7156,
      0.7568,
      0.7508,
      0.7646,
      0.6942,
      0.7774,
      0.7434,
      0.7618,
      0.746,
      0.7598,
      0.7744
    ]
  },
  "accuracy": 0.7799,
  "confusion": [
    [
      749.0,
      15.0,
      31.0,
      9.0,
      17.0,
      3.0,
      20.0,
      17.0,
      103.0,
      36.0
    ],
    [
      6.0,
      835.0,
      2.0,
      1.0,
      0.0,
      5.0,
      8.0,
      2.0,
      44.0,
      97.0
    ],
    [
      60.0,
      1.0,
      665.0,
      43.0,
      45.0,
      76.0,
      53.0,
      31.0,
      17.0,
      9.0
    ],
    [
      25.0,
      7.0,
      35.0,
      586.0,
      36.0,
      185.0,
      37.0,
      47.0,
      29.0,
      13.0
    ],
    [
      11.0,
      2.0,
      49.0,
      37.0,
      704.0,
      44.0,
      50.0,
      86.0,
      14.0,
      3.0
    ],
    [
      8.0,
      2.0,
      19.0,
      130.0,
      22.0,
      737.0,
      15.0,
      49.0,
      13.0,
      5.0
    ],
    [
      3.0,
      3.0,
      27.0,
      44.0,
      16.0,
      37.0,
      847.0,
      11.0,
      9.0,
      3.0
    ],
    [
      11.0,
      5.0,
      8.0,
      24.0,
      14.0,
      39.0,
      11.0,
      879.0,
      2.0,
      7.0
    ],
    [
      25.0,
      11.0,
      5.0,
      2.0,
      3.0,
      5.0,
      5.0,
      7.0,
      913.0,
      24.0
    ],
    [
      11.0,
      36.0,
      5.0,
      6.0,
      0.0,
      6.0,
      7.0,
      8.0,
      37.0,
      884.0
    ]
  ],
  "classRecall": [
    0.7490000128746033,
    0.8349999785423279,
    0.6650000214576721,
    0.5860000252723694,
    0.7039999961853027,
    0.7369999885559082,
    0.847000002861023,
    0.8790000081062317,
    0.9129999876022339,
    0.8840000033378601
  ],
  "classPrecision": [
    0.8239824175834656,
    0.9105779528617859,
    0.7860519886016846,
    0.6643990874290466,
    0.8214702606201172,
    0.6481969952583313,
    0.8043684959411621,
    0.7730870842933655,
    0.773073673248291,
    0.8177613615989685
  ],
  "classes": [
    "plane",
    "car",
    "bird",
    "cat",
    "deer",
    "dog",
    "frog",
    "horse",
    "ship",
    "truck"
  ]
}