{
  "name": "model",
  "metrics": {
    "train_loss": [
      2.383651205761866,
      2.3743247132409704,
      2.3726986545053395,
      2.3989646190946754,
      2.371440201997757,
      2.3902328576553953
    ],
    "train_accuracy": [
      0.10048888888888889,
      0.10075555555555556,
      0.10055555555555555,
      0.1002,
      0.10153333333333334,
      0.10037777777777777
    ],
    "val_loss": [
      2.3898556351661684,
      2.3702977538108825,
      2.3768885910511015,
      2.4038064539432527,
      2.367383861541748,
      2.38633850812912
    ],
    "val_accuracy": [
      0.1058,
      0.1054,
      0.1032,
      0.1044,
      0.104,
      0.1046
    ]
  },
  "accuracy": 0.1006,
  "confusion": [
    [
      50.0,
      0.0,
      0.0,
      0.0,
      895.0,
      0.0,
      48.0,
      0.0,
      3.0,
      4.0
    ],
    [
      23.0,
      0.0,
      0.0,
      0.0,
      914.0,
      0.0,
      59.0,
      0.0,
      1.0,
      3.0
    ],
    [
      18.0,
      0.0,
      0.0,
      0.0,
      957.0,
      0.0,
      23.0,
      0.0,
      0.0,
      2.0
    ],
    [
      13.0,
      0.0,
      0.0,
      0.0,
      961.0,
      0.0,
      24.0,
      0.0,
      0.0,
      2.0
    ],
    [
      47.0,
      0.0,
      0.0,
      0.0,
      929.0,
      0.0,
      20.0,
      0.0,
      0.0,
      4.0
    ],
    [
      21.0,
      0.0,
      0.0,
      0.0,
      961.0,
      0.0,
      14.0,
      0.0,
      1.0,
      3.0
    ],
    [
      57.0,
      0.0,
      0.0,
      0.0,
      916.0,
      0.0,
      24.0,
      0.0,
      2.0,
      1.0
    ],
    [
      11.0,
      0.0,
      0.0,
      0.0,
      974.0,
      0.0,
      13.0,
      0.0,
      0.0,
      2.0
    ],
    [
      26.0,
      0.0,
      0.0,
      0.0,
      916.0,
      0.0,
      54.0,
      0.0,
      0.0,
      4.0
    ],
    [
      15.0,
      0.0,
      0.0,
      0.0,
      947.0,
      0.0,
      34.0,
      0.0,
      1.0,
      3.0
    ]
  ],
  "classRecall": [
    0.05000000074505806,
    0.0,
    0.0,
    0.0,
    0.9290000200271606,
    0.0,
    0.024000000208616257,
    0.0,
    0.0,
    0.003000000026077032
  ],
  "classPrecision": [
    0.17793594300746918,
    NaN,
    NaN,
    NaN,
    0.09914620965719223,
    NaN,
    0.07667731493711472,
    NaN,
    0.0,
    0.1071428582072258
  ],
  "classes": [
    "plane",
    "car",
    "bird",
    "cat",
    "deer",
    "dog",
    "frog",
    "horse",
    "ship",
    "truck"
  ]
}