{
  "name": "model",
  "metrics": {
    "train_loss": [
      1.2482142302800308,
      0.8241749631071632,
      0.712110532109033,
      0.6071881775490262,
      0.584029660475525,
      0.7535382704809308,
      0.6079790235751055,
      0.569214026782323,
      0.4206884773024781,
      0.4559618294747038,
      0.3824275715953924,
      0.5681862853975459,
      0.28640241823582485,
      0.29775152664462273,
      0.4209280659190633,
      0.49595865907824854,
      0.3259762662293559,
      0.3182614644439044
    ],
    "train_accuracy": [
      0.6841111111111111,
      0.7703333333333333,
      0.7841333333333333,
      0.8058444444444445,
      0.8196444444444444,
      0.7914666666666667,
      0.8144,
      0.8274,
      0.8690222222222223,
      0.8640888888888889,
      0.8765333333333334,
      0.8229555555555556,
      0.9165555555555556,
      0.9084888888888889,
      0.8663333333333333,
      0.8566666666666667,
      0.9051111111111111,
      0.9175111111111112
    ],
    "val_loss": [
      1.4166675195097924,
      0.9204073373228312,
      0.884004033356905,
      0.8131795547902584,
      0.7831748463213444,
      1.117569699883461,
      0.7860995635390282,
      0.7713421635329724,
      0.7911730810999871,
      0.8139628142118454,
      0.6895963065326214,
      0.918389430642128,
      0.6852383002638817,
      0.6372916325926781,
      0.8623955637216568,
      0.9283325232565403,
      0.8909229010343551,
      1.0117089331150055
    ],
    "val_accuracy": [
      0.6634,
      0.7346,
      0.7508,
      0.747,
      0.7636,
      0.7344,
      0.7534,
      0.7606,
      0.7888,
      0.79,
      0.789,
      0.751,
      0.8084,
      0.7998,
      0.7698,
      0.7678,
      0.7894,
      0.8014
    ]
  },
  "accuracy": 0.7981,
  "confusion": [
    [
      826.0,
      15.0,
      31.0,
      26.0,
      11.0,
      1.0,
      11.0,
      7.0,
      50.0,
      22.0
    ],
    [
      9.0,
      906.0,
      1.0,
      3.0,
      2.0,
      1.0,
      10.0,
      3.0,
      14.0,
      51.0
    ],
    [
      50.0,
      8.0,
      709.0,
      54.0,
      55.0,
      29.0,
      63.0,
      19.0,
      8.0,
      5.0
    ],
    [
      14.0,
      6.0,
      49.0,
      654.0,
      50.0,
      112.0,
      66.0,
      32.0,
      12.0,
      5.0
    ],
    [
      9.0,
      3.0,
      46.0,
      66.0,
      759.0,
      14.0,
      52.0,
      42.0,
      7.0,
      2.0
    ],
    [
      6.0,
      1.0,
      32.0,
      155.0,
      37.0,
      691.0,
      31.0,
      42.0,
      2.0,
      3.0
    ],
    [
      6.0,
      2.0,
      21.0,
      51.0,
      11.0,
      14.0,
      880.0,
      7.0,
      4.0,
      4.0
    ],
    [
      11.0,
      2.0,
      17.0,
      37.0,
      30.0,
      27.0,
      8.0,
      858.0,
      5.0,
      5.0
    ],
    [
      43.0,
      40.0,
      6.0,
      19.0,
      1.0,
      1.0,
      5.0,
      3.0,
      863.0,
      19.0
    ],
    [
      29.0,
      74.0,
      7.0,
      19.0,
      1.0,
      4.0,
      7.0,
      9.0,
      15.0,
      835.0
    ]
  ],
  "classRecall": [
    0.8259999752044678,
    0.906000018119812,
    0.7089999914169312,
    0.6539999842643738,
    0.7590000033378601,
    0.6909999847412109,
    0.8799999952316284,
    0.8579999804496765,
    0.8629999756813049,
    0.8349999785423279
  ],
  "classPrecision": [
    0.8235294222831726,
    0.8571428656578064,
    0.771490752696991,
    0.6033210158348083,
    0.7931034564971924,
    0.7729306221008301,
    0.7766990065574646,
    0.839530348777771,
    0.8806122541427612,
    0.8780231475830078
  ],
  "classes": [
    "plane",
    "car",
    "bird",
    "cat",
    "deer",
    "dog",
    "frog",
    "horse",
    "ship",
    "truck"
  ]
}