{
  "name": "student",
  "metrics": {
    "train_loss": [],
    "train_accuracy": [],
    "val_loss": [],
    "val_accuracy": []
  },
  "accuracy": 0.7572,
  "confusion": [
    [
      832.0,
      16.0,
      24.0,
      17.0,
      17.0,
      6.0,
      9.0,
      11.0,
      43.0,
      25.0
    ],
    [
      15.0,
      849.0,
      10.0,
      11.0,
      2.0,
      12.0,
      4.0,
      4.0,
      26.0,
      67.0
    ],
    [
      85.0,
      5.0,
      626.0,
      63.0,
      48.0,
      61.0,
      62.0,
      34.0,
      9.0,
      7.0
    ],
    [
      25.0,
      9.0,
      44.0,
      587.0,
      56.0,
      182.0,
      38.0,
      37.0,
      10.0,
      12.0
    ],
    [
      20.0,
      4.0,
      80.0,
      65.0,
      682.0,
      37.0,
      44.0,
      54.0,
      11.0,
      3.0
    ],
    [
      14.0,
      3.0,
      34.0,
      146.0,
      41.0,
      685.0,
      11.0,
      55.0,
      7.0,
      4.0
    ],
    [
      6.0,
      7.0,
      24.0,
      80.0,
      23.0,
      22.0,
      823.0,
      6.0,
      5.0,
      4.0
    ],
    [
      13.0,
      3.0,
      17.0,
      28.0,
      55.0,
      47.0,
      4.0,
      827.0,
      1.0,
      5.0
    ],
    [
      48.0,
      23.0,
      10.0,
      6.0,
      5.0,
      2.0,
      7.0,
      6.0,
      878.0,
      15.0
    ],
    [
      34.0,
      95.0,
      4.0,
      16.0,
      6.0,
      8.0,
      2.0,
      17.0,
      35.0,
      783.0
    ]
  ],
  "classRecall": [
    0.8320000171661377,
    0.8489999771118164,
    0.6259999871253967,
    0.5870000123977661,
    0.6819999814033508,
    0.6850000023841858,
    0.8230000138282776,
    0.8270000219345093,
    0.878000020980835,
    0.7829999923706055
  ],
  "classPrecision": [
    0.761904776096344,
    0.8372781276702881,
    0.7170675992965698,
    0.5760549306869507,
    0.729411780834198,
    0.6450093984603882,
    0.8197211027145386,
    0.7868696451187134,
    0.8565853834152222,
    0.846486508846283
  ],
  "classes": [
    "plane",
    "car",
    "bird",
    "cat",
    "deer",
    "dog",
    "frog",
    "horse",
    "ship",
    "truck"
  ]
}