{
  "name": "student",
  "metrics": {
    "train_loss": [],
    "train_accuracy": [],
    "val_loss": [],
    "val_accuracy": []
  },
  "accuracy": 0.7434,
  "confusion": [
    [
      805.0,
      13.0,
      30.0,
      31.0,
      12.0,
      8.0,
      12.0,
      9.0,
      57.0,
      23.0
    ],
    [
      16.0,
      805.0,
      8.0,
      13.0,
      6.0,
      7.0,
      10.0,
      2.0,
      37.0,
      96.0
    ],
    [
      65.0,
      5.0,
      622.0,
      92.0,
      45.0,
      58.0,
      73.0,
      21.0,
      12.0,
      7.0
    ],
    [
      13.0,
      8.0,
      55.0,
      618.0,
      35.0,
      122.0,
      98.0,
      19.0,
      18.0,
      14.0
    ],
    [
      28.0,
      2.0,
      62.0,
      76.0,
      675.0,
      29.0,
      68.0,
      40.0,
      15.0,
      5.0
    ],
    [
      15.0,
      2.0,
      34.0,
      234.0,
      44.0,
      580.0,
      38.0,
      30.0,
      8.0,
      15.0
    ],
    [
      6.0,
      7.0,
      26.0,
      48.0,
      15.0,
      14.0,
      871.0,
      3.0,
      7.0,
      3.0
    ],
    [
      10.0,
      6.0,
      13.0,
      68.0,
      40.0,
      68.0,
      9.0,
      766.0,
      5.0,
      15.0
    ],
    [
      43.0,
      21.0,
      10.0,
      13.0,
      6.0,
      5.0,
      8.0,
      2.0,
      879.0,
      13.0
    ],
    [
      43.0,
      69.0,
      6.0,
      21.0,
      5.0,
      0.0,
      3.0,
      5.0,
      35.0,
      813.0
    ]
  ],
  "classRecall": [
    0.8050000071525574,
    0.8050000071525574,
    0.621999979019165,
    0.6179999709129333,
    0.675000011920929,
    0.5799999833106995,
    0.8709999918937683,
    0.765999972820282,
    0.8790000081062317,
    0.8130000233650208
  ],
  "classPrecision": [
    0.7710728049278259,
    0.858208954334259,
    0.7182447910308838,
    0.5090609788894653,
    0.7644394040107727,
    0.650954008102417,
    0.7319327592849731,
    0.8539576530456543,
    0.819198489189148,
    0.8097609281539917
  ],
  "classes": [
    "plane",
    "car",
    "bird",
    "cat",
    "deer",
    "dog",
    "frog",
    "horse",
    "ship",
    "truck"
  ]
}