{
  "name": "student",
  "metrics": {
    "train_loss": [],
    "train_accuracy": [],
    "val_loss": [],
    "val_accuracy": []
  },
  "accuracy": 0.7544,
  "confusion": [
    [
      832.0,
      18.0,
      37.0,
      18.0,
      13.0,
      3.0,
      4.0,
      7.0,
      43.0,
      25.0
    ],
    [
      16.0,
      863.0,
      7.0,
      8.0,
      3.0,
      5.0,
      5.0,
      5.0,
      30.0,
      58.0
    ],
    [
      68.0,
      6.0,
      651.0,
      85.0,
      67.0,
      67.0,
      26.0,
      18.0,
      9.0,
      3.0
    ],
    [
      25.0,
      8.0,
      54.0,
      654.0,
      66.0,
      106.0,
      43.0,
      23.0,
      13.0,
      8.0
    ],
    [
      21.0,
      6.0,
      61.0,
      67.0,
      753.0,
      27.0,
      18.0,
      37.0,
      6.0,
      4.0
    ],
    [
      9.0,
      4.0,
      50.0,
      242.0,
      42.0,
      588.0,
      13.0,
      41.0,
      4.0,
      7.0
    ],
    [
      7.0,
      16.0,
      52.0,
      85.0,
      41.0,
      29.0,
      753.0,
      2.0,
      3.0,
      12.0
    ],
    [
      16.0,
      4.0,
      21.0,
      56.0,
      44.0,
      39.0,
      3.0,
      804.0,
      4.0,
      9.0
    ],
    [
      46.0,
      33.0,
      11.0,
      13.0,
      7.0,
      0.0,
      2.0,
      1.0,
      874.0,
      13.0
    ],
    [
      38.0,
      105.0,
      8.0,
      17.0,
      2.0,
      5.0,
      0.0,
      13.0,
      40.0,
      772.0
    ]
  ],
  "classRecall": [
    0.8320000171661377,
    0.8629999756813049,
    0.6510000228881836,
    0.6539999842643738,
    0.753000020980835,
    0.5879999995231628,
    0.753000020980835,
    0.8040000200271606,
    0.8740000128746033,
    0.7720000147819519
  ],
  "classPrecision": [
    0.771799623966217,
    0.8118532299995422,
    0.6838235259056091,
    0.5253012180328369,
    0.7254335284233093,
    0.6766397953033447,
    0.8685120940208435,
    0.8454258441925049,
    0.8518518805503845,
    0.8474203944206238
  ],
  "classes": [
    "plane",
    "car",
    "bird",
    "cat",
    "deer",
    "dog",
    "frog",
    "horse",
    "ship",
    "truck"
  ]
}