{
  "name": "model",
  "metrics": {
    "train_loss": [
      0.874598644504493,
      0.4356149446473203,
      0.396513790611855,
      0.5579230460253629,
      0.34750263435258105,
      0.8038057246330109,
      0.22967194524508985,
      0.2574209783183919,
      0.25176699785515666,
      0.519967776172879,
      0.09906518353487957,
      0.06971490960991518,
      0.06379310979338532,
      0.06573153416287493,
      0.05556007484714924,
      0.15213286033196544,
      0.03434599605018527,
      0.0684209182297557
    ],
    "train_accuracy": [
      0.7067555555555556,
      0.8558888888888889,
      0.866,
      0.8081333333333334,
      0.8872888888888889,
      0.7561777777777777,
      0.9240888888888888,
      0.9149333333333334,
      0.9164,
      0.8683555555555555,
      0.9676888888888889,
      0.9773777777777778,
      0.9782222222222222,
      0.9782,
      0.9810888888888889,
      0.9492222222222222,
      0.9890222222222222,
      0.9765111111111111
    ],
    "val_loss": [
      0.9612905979156494,
      0.5734372109174728,
      0.5976360894739627,
      0.7219363857060671,
      0.6147402204573155,
      0.9976802006363868,
      0.6274032302200794,
      0.6462436191737652,
      0.626562201231718,
      0.9499703705310821,
      0.5859508663415909,
      0.6338246166706085,
      0.7202914297580719,
      0.7402250938117504,
      0.7512935152393766,
      0.6321303397417068,
      0.6856283314526082,
      0.822707524895668
    ],
    "val_accuracy": [
      0.6852,
      0.7962,
      0.7986,
      0.7514,
      0.7998,
      0.7048,
      0.8066,
      0.81,
      0.81,
      0.7504,
      0.831,
      0.8314,
      0.835,
      0.8226,
      0.8278,
      0.8164,
      0.8342,
      0.8188
    ]
  },
  "accuracy": 0.8125,
  "confusion": [
    [
      871.0,
      13.0,
      24.0,
      10.0,
      5.0,
      1.0,
      2.0,
      5.0,
      59.0,
      10.0
    ],
    [
      13.0,
      928.0,
      1.0,
      5.0,
      1.0,
      1.0,
      1.0,
      1.0,
      19.0,
      30.0
    ],
    [
      31.0,
      2.0,
      822.0,
      38.0,
      34.0,
      20.0,
      28.0,
      19.0,
      6.0,
      0.0
    ],
    [
      17.0,
      8.0,
      82.0,
      663.0,
      60.0,
      59.0,
      41.0,
      34.0,
      30.0,
      6.0
    ],
    [
      15.0,
      2.0,
      77.0,
      46.0,
      775.0,
      12.0,
      26.0,
      35.0,
      11.0,
      1.0
    ],
    [
      4.0,
      2.0,
      61.0,
      194.0,
      39.0,
      627.0,
      12.0,
      46.0,
      11.0,
      4.0
    ],
    [
      4.0,
      2.0,
      43.0,
      48.0,
      10.0,
      7.0,
      877.0,
      3.0,
      3.0,
      3.0
    ],
    [
      16.0,
      1.0,
      25.0,
      27.0,
      42.0,
      22.0,
      2.0,
      856.0,
      2.0,
      7.0
    ],
    [
      38.0,
      17.0,
      11.0,
      5.0,
      3.0,
      2.0,
      1.0,
      0.0,
      921.0,
      2.0
    ],
    [
      28.0,
      104.0,
      10.0,
      9.0,
      4.0,
      2.0,
      4.0,
      8.0,
      46.0,
      785.0
    ]
  ],
  "classRecall": [
    0.8709999918937683,
    0.9279999732971191,
    0.8220000267028809,
    0.6629999876022339,
    0.7749999761581421,
    0.6269999742507935,
    0.8769999742507935,
    0.8560000061988831,
    0.9210000038146973,
    0.7850000262260437
  ],
  "classPrecision": [
    0.8399228453636169,
    0.8600556254386902,
    0.7110726833343506,
    0.6344497799873352,
    0.7965056300163269,
    0.8326693177223206,
    0.8822937607765198,
    0.8500496745109558,
    0.8312274217605591,
    0.9257075190544128
  ],
  "classes": [
    "plane",
    "car",
    "bird",
    "cat",
    "deer",
    "dog",
    "frog",
    "horse",
    "ship",
    "truck"
  ]
}