{
  "name": "distillation",
  "metrics": {
    "train_loss": [],
    "train_accuracy": [],
    "val_loss": [],
    "val_accuracy": []
  },
  "accuracy": 0.6839,
  "confusion": [
    [
      798.0,
      22.0,
      29.0,
      27.0,
      8.0,
      7.0,
      4.0,
      5.0,
      62.0,
      38.0
    ],
    [
      41.0,
      756.0,
      2.0,
      12.0,
      1.0,
      12.0,
      7.0,
      0.0,
      29.0,
      140.0
    ],
    [
      109.0,
      6.0,
      526.0,
      119.0,
      52.0,
      104.0,
      46.0,
      22.0,
      12.0,
      4.0
    ],
    [
      49.0,
      4.0,
      57.0,
      584.0,
      20.0,
      188.0,
      49.0,
      14.0,
      16.0,
      19.0
    ],
    [
      61.0,
      1.0,
      97.0,
      136.0,
      519.0,
      73.0,
      40.0,
      63.0,
      7.0,
      3.0
    ],
    [
      31.0,
      2.0,
      30.0,
      256.0,
      21.0,
      587.0,
      24.0,
      35.0,
      6.0,
      8.0
    ],
    [
      20.0,
      8.0,
      49.0,
      92.0,
      23.0,
      26.0,
      767.0,
      3.0,
      9.0,
      3.0
    ],
    [
      29.0,
      3.0,
      27.0,
      59.0,
      48.0,
      132.0,
      7.0,
      676.0,
      2.0,
      17.0
    ],
    [
      88.0,
      26.0,
      4.0,
      14.0,
      1.0,
      9.0,
      1.0,
      1.0,
      834.0,
      22.0
    ],
    [
      40.0,
      67.0,
      5.0,
      21.0,
      1.0,
      8.0,
      7.0,
      26.0,
      33.0,
      792.0
    ]
  ],
  "classRecall": [
    0.7979999780654907,
    0.7559999823570251,
    0.5260000228881836,
    0.5839999914169312,
    0.5189999938011169,
    0.5870000123977661,
    0.7670000195503235,
    0.6759999990463257,
    0.8339999914169312,
    0.7919999957084656
  ],
  "classPrecision": [
    0.6303317546844482,
    0.8446927666664124,
    0.6368038654327393,
    0.4424242377281189,
    0.7478386163711548,
    0.5122163891792297,
    0.805672287940979,
    0.800000011920929,
    0.8257426023483276,
    0.7571702003479004
  ],
  "classes": [
    "plane",
    "car",
    "bird",
    "cat",
    "deer",
    "dog",
    "frog",
    "horse",
    "ship",
    "truck"
  ]
}