{
  "name": "distillation",
  "metrics": {
    "train_loss": [],
    "train_accuracy": [],
    "val_loss": [],
    "val_accuracy": []
  },
  "accuracy": 0.6653,
  "confusion": [
    [
      929.0,
      6.0,
      3.0,
      8.0,
      4.0,
      2.0,
      8.0,
      6.0,
      17.0,
      17.0
    ],
    [
      125.0,
      800.0,
      1.0,
      3.0,
      0.0,
      3.0,
      8.0,
      0.0,
      13.0,
      47.0
    ],
    [
      280.0,
      2.0,
      430.0,
      42.0,
      85.0,
      70.0,
      70.0,
      15.0,
      1.0,
      5.0
    ],
    [
      137.0,
      6.0,
      52.0,
      432.0,
      58.0,
      205.0,
      63.0,
      31.0,
      4.0,
      12.0
    ],
    [
      169.0,
      3.0,
      35.0,
      33.0,
      602.0,
      35.0,
      37.0,
      81.0,
      4.0,
      1.0
    ],
    [
      73.0,
      4.0,
      38.0,
      152.0,
      37.0,
      609.0,
      26.0,
      56.0,
      2.0,
      3.0
    ],
    [
      61.0,
      6.0,
      18.0,
      47.0,
      51.0,
      32.0,
      777.0,
      3.0,
      3.0,
      2.0
    ],
    [
      113.0,
      1.0,
      18.0,
      25.0,
      50.0,
      76.0,
      9.0,
      697.0,
      0.0,
      11.0
    ],
    [
      257.0,
      33.0,
      2.0,
      8.0,
      3.0,
      2.0,
      1.0,
      3.0,
      679.0,
      12.0
    ],
    [
      146.0,
      115.0,
      2.0,
      14.0,
      0.0,
      3.0,
      3.0,
      7.0,
      12.0,
      698.0
    ]
  ],
  "classRecall": [
    0.9290000200271606,
    0.800000011920929,
    0.4300000071525574,
    0.4320000112056732,
    0.6019999980926514,
    0.609000027179718,
    0.7770000100135803,
    0.6970000267028809,
    0.6790000200271606,
    0.6980000138282776
  ],
  "classPrecision": [
    0.40567684173583984,
    0.8196721076965332,
    0.7178630828857422,
    0.5654450058937073,
    0.6764044761657715,
    0.587270975112915,
    0.7754490971565247,
    0.7753058671951294,
    0.9238095283508301,
    0.8638613820075989
  ],
  "classes": [
    "plane",
    "car",
    "bird",
    "cat",
    "deer",
    "dog",
    "frog",
    "horse",
    "ship",
    "truck"
  ]
}