{
  "name": "distillation",
  "metrics": {
    "train_loss": [],
    "train_accuracy": [],
    "val_loss": [],
    "val_accuracy": []
  },
  "accuracy": 0.607,
  "confusion": [
    [
      946.0,
      6.0,
      5.0,
      10.0,
      1.0,
      1.0,
      3.0,
      6.0,
      8.0,
      14.0
    ],
    [
      170.0,
      682.0,
      3.0,
      19.0,
      1.0,
      4.0,
      14.0,
      1.0,
      10.0,
      96.0
    ],
    [
      268.0,
      7.0,
      404.0,
      91.0,
      57.0,
      77.0,
      64.0,
      19.0,
      2.0,
      11.0
    ],
    [
      131.0,
      9.0,
      26.0,
      563.0,
      23.0,
      124.0,
      58.0,
      34.0,
      6.0,
      26.0
    ],
    [
      206.0,
      3.0,
      48.0,
      91.0,
      484.0,
      26.0,
      60.0,
      76.0,
      1.0,
      5.0
    ],
    [
      63.0,
      8.0,
      28.0,
      331.0,
      16.0,
      441.0,
      31.0,
      68.0,
      2.0,
      12.0
    ],
    [
      74.0,
      9.0,
      32.0,
      86.0,
      22.0,
      15.0,
      741.0,
      5.0,
      6.0,
      10.0
    ],
    [
      110.0,
      2.0,
      14.0,
      64.0,
      42.0,
      36.0,
      5.0,
      702.0,
      0.0,
      25.0
    ],
    [
      517.0,
      15.0,
      3.0,
      12.0,
      1.0,
      0.0,
      0.0,
      2.0,
      430.0,
      20.0
    ],
    [
      204.0,
      64.0,
      2.0,
      19.0,
      1.0,
      4.0,
      9.0,
      14.0,
      6.0,
      677.0
    ]
  ],
  "classRecall": [
    0.9459999799728394,
    0.6819999814033508,
    0.40400001406669617,
    0.5630000233650208,
    0.48399999737739563,
    0.4410000145435333,
    0.7409999966621399,
    0.7020000219345093,
    0.4300000071525574,
    0.6769999861717224
  ],
  "classPrecision": [
    0.35180363059043884,
    0.8472049832344055,
    0.7150442600250244,
    0.4377916157245636,
    0.7469135522842407,
    0.6057692170143127,
    0.7522842884063721,
    0.7572815418243408,
    0.9129511713981628,
    0.7555803656578064
  ],
  "classes": [
    "plane",
    "car",
    "bird",
    "cat",
    "deer",
    "dog",
    "frog",
    "horse",
    "ship",
    "truck"
  ]
}