{
  "name": "distillation",
  "metrics": {
    "train_loss": [],
    "train_accuracy": [],
    "val_loss": [],
    "val_accuracy": []
  },
  "accuracy": 0.5602,
  "confusion": [
    [
      963.0,
      12.0,
      2.0,
      12.0,
      3.0,
      1.0,
      0.0,
      1.0,
      3.0,
      3.0
    ],
    [
      183.0,
      743.0,
      0.0,
      4.0,
      1.0,
      4.0,
      7.0,
      1.0,
      10.0,
      47.0
    ],
    [
      418.0,
      5.0,
      244.0,
      68.0,
      58.0,
      91.0,
      94.0,
      19.0,
      0.0,
      3.0
    ],
    [
      217.0,
      12.0,
      16.0,
      471.0,
      18.0,
      181.0,
      56.0,
      21.0,
      0.0,
      8.0
    ],
    [
      295.0,
      2.0,
      19.0,
      55.0,
      402.0,
      35.0,
      100.0,
      91.0,
      0.0,
      1.0
    ],
    [
      101.0,
      5.0,
      8.0,
      218.0,
      26.0,
      571.0,
      20.0,
      50.0,
      0.0,
      1.0
    ],
    [
      137.0,
      28.0,
      12.0,
      70.0,
      13.0,
      20.0,
      714.0,
      5.0,
      1.0,
      0.0
    ],
    [
      163.0,
      1.0,
      3.0,
      30.0,
      14.0,
      107.0,
      7.0,
      667.0,
      0.0,
      8.0
    ],
    [
      667.0,
      45.0,
      0.0,
      11.0,
      0.0,
      2.0,
      0.0,
      1.0,
      268.0,
      6.0
    ],
    [
      260.0,
      150.0,
      1.0,
      8.0,
      0.0,
      8.0,
      1.0,
      10.0,
      3.0,
      559.0
    ]
  ],
  "classRecall": [
    0.9629999995231628,
    0.7429999709129333,
    0.24400000274181366,
    0.47099998593330383,
    0.4020000100135803,
    0.5709999799728394,
    0.7139999866485596,
    0.6669999957084656,
    0.2680000066757202,
    0.5590000152587891
  ],
  "classPrecision": [
    0.28290247917175293,
    0.7407776713371277,
    0.800000011920929,
    0.49736008048057556,
    0.7514018416404724,
    0.5598039031028748,
    0.7147147059440613,
    0.7702078819274902,
    0.9403508901596069,
    0.8789308071136475
  ],
  "classes": [
    "plane",
    "car",
    "bird",
    "cat",
    "deer",
    "dog",
    "frog",
    "horse",
    "ship",
    "truck"
  ]
}