{
  "name": "model",
  "metrics": {
    "train_loss": [
      1.4848800799386068,
      1.808234828439626,
      1.919767534529621,
      1.6177148239856416,
      1.7199630408801816,
      1.4582685621624643
    ],
    "train_accuracy": [
      0.49,
      0.4710888888888889,
      0.4999111111111111,
      0.5500222222222222,
      0.5771111111111111,
      0.6012
    ],
    "val_loss": [
      1.4613195925951004,
      1.8666963040828706,
      1.89162892177701,
      1.7485372841358184,
      1.754741222411394,
      1.6685350313782692
    ],
    "val_accuracy": [
      0.4824,
      0.4676,
      0.4812,
      0.5146,
      0.5364,
      0.5572
    ]
  },
  "accuracy": 0.5471,
  "confusion": [
    [
      991.0,
      1.0,
      3.0,
      0.0,
      1.0,
      2.0,
      1.0,
      0.0,
      0.0,
      1.0
    ],
    [
      316.0,
      656.0,
      1.0,
      3.0,
      2.0,
      4.0,
      3.0,
      0.0,
      3.0,
      12.0
    ],
    [
      481.0,
      2.0,
      326.0,
      29.0,
      55.0,
      41.0,
      56.0,
      10.0,
      0.0,
      0.0
    ],
    [
      272.0,
      5.0,
      25.0,
      424.0,
      27.0,
      160.0,
      67.0,
      15.0,
      0.0,
      5.0
    ],
    [
      334.0,
      0.0,
      23.0,
      26.0,
      475.0,
      19.0,
      74.0,
      47.0,
      0.0,
      2.0
    ],
    [
      160.0,
      5.0,
      31.0,
      124.0,
      37.0,
      592.0,
      24.0,
      24.0,
      0.0,
      3.0
    ],
    [
      182.0,
      4.0,
      23.0,
      24.0,
      16.0,
      14.0,
      735.0,
      1.0,
      0.0,
      1.0
    ],
    [
      246.0,
      1.0,
      10.0,
      20.0,
      35.0,
      73.0,
      7.0,
      605.0,
      0.0,
      3.0
    ],
    [
      860.0,
      7.0,
      2.0,
      2.0,
      0.0,
      1.0,
      1.0,
      0.0,
      125.0,
      2.0
    ],
    [
      379.0,
      65.0,
      0.0,
      4.0,
      0.0,
      1.0,
      1.0,
      5.0,
      3.0,
      542.0
    ]
  ],
  "classRecall": [
    0.9909999966621399,
    0.656000018119812,
    0.32600000500679016,
    0.42399999499320984,
    0.4749999940395355,
    0.5920000076293945,
    0.7350000143051147,
    0.6050000190734863,
    0.125,
    0.5419999957084656
  ],
  "classPrecision": [
    0.234778493642807,
    0.8793565630912781,
    0.7342342138290405,
    0.6463414430618286,
    0.7330247163772583,
    0.652701199054718,
    0.7585139274597168,
    0.8557284474372864,
    0.9541984796524048,
    0.9492118954658508
  ],
  "classes": [
    "plane",
    "car",
    "bird",
    "cat",
    "deer",
    "dog",
    "frog",
    "horse",
    "ship",
    "truck"
  ]
}