{
  "name": "model",
  "metrics": {
    "train_loss": [
      9.22462495450269,
      5.234617571939122,
      2.1329978416589173,
      2.7934835360131482,
      1.9795221530578353,
      1.7135067556730725
    ],
    "train_accuracy": [
      0.47402222222222223,
      0.44477777777777777,
      0.49975555555555556,
      0.5061111111111111,
      0.5056888888888889,
      0.5492888888888889
    ],
    "val_loss": [
      1.4965123653411865,
      2.108722972869873,
      2.0836101114749908,
      2.118337023258209,
      2.155987575650215,
      1.9831495940685273
    ],
    "val_accuracy": [
      0.463,
      0.4308,
      0.478,
      0.471,
      0.4708,
      0.496
    ]
  },
  "accuracy": 0.5024,
  "confusion": [
    [
      997.0,
      1.0,
      0.0,
      1.0,
      0.0,
      0.0,
      0.0,
      1.0,
      0.0,
      0.0
    ],
    [
      446.0,
      526.0,
      0.0,
      8.0,
      0.0,
      2.0,
      2.0,
      0.0,
      2.0,
      14.0
    ],
    [
      617.0,
      0.0,
      182.0,
      27.0,
      48.0,
      54.0,
      64.0,
      8.0,
      0.0,
      0.0
    ],
    [
      295.0,
      2.0,
      15.0,
      446.0,
      31.0,
      135.0,
      59.0,
      15.0,
      0.0,
      2.0
    ],
    [
      322.0,
      0.0,
      20.0,
      24.0,
      494.0,
      27.0,
      69.0,
      44.0,
      0.0,
      0.0
    ],
    [
      185.0,
      1.0,
      12.0,
      160.0,
      31.0,
      536.0,
      31.0,
      43.0,
      0.0,
      1.0
    ],
    [
      199.0,
      2.0,
      4.0,
      32.0,
      13.0,
      22.0,
      727.0,
      1.0,
      0.0,
      0.0
    ],
    [
      302.0,
      1.0,
      5.0,
      22.0,
      55.0,
      40.0,
      7.0,
      564.0,
      0.0,
      4.0
    ],
    [
      944.0,
      5.0,
      1.0,
      1.0,
      0.0,
      0.0,
      1.0,
      0.0,
      47.0,
      1.0
    ],
    [
      448.0,
      41.0,
      0.0,
      1.0,
      0.0,
      3.0,
      2.0,
      0.0,
      0.0,
      505.0
    ]
  ],
  "classRecall": [
    0.996999979019165,
    0.5260000228881836,
    0.18199999630451202,
    0.44600000977516174,
    0.49399998784065247,
    0.5360000133514404,
    0.7269999980926514,
    0.5640000104904175,
    0.04699999839067459,
    0.5049999952316284
  ],
  "classPrecision": [
    0.20967403054237366,
    0.9084628820419312,
    0.7615062594413757,
    0.6177285313606262,
    0.7351190447807312,
    0.6544566750526428,
    0.7557172775268555,
    0.834319531917572,
    0.9591836929321289,
    0.9582542777061462
  ],
  "classes": [
    "plane",
    "car",
    "bird",
    "cat",
    "deer",
    "dog",
    "frog",
    "horse",
    "ship",
    "truck"
  ]
}