{
  "name": "model",
  "metrics": {
    "train_loss": [
      1.446757922795686,
      1.1476493135771968,
      0.9405790462412618,
      0.761100632223216,
      0.6672021165828813,
      0.5643205331130461,
      0.4818845177915963,
      0.3918231557208029,
      0.33013904551890766,
      0.25837148298424756,
      0.25975498652339657,
      0.18004839748821475,
      0.13392793967134572,
      0.10428970174821602,
      0.08623816280371764,
      0.10354124031833965,
      0.07163127555395477,
      0.05174788887168027,
      0.08024453405629504,
      0.051812810754530474,
      0.038805654091199605,
      0.031427438161865044,
      0.08844298275124113,
      0.054021831313465635,
      0.04293568056891672,
      0.032904321736582046,
      0.04719335716535253,
      0.026887747837463394,
      0.04759104062527926,
      0.025671334077328953,
      0.017434549518591004,
      0.033686523129951886,
      0.09560061460995878,
      0.0872565927433739,
      0.03244994929197922,
      0.01858476658327907,
      0.019682714006028782,
      0.018594730789283694,
      0.01788605428208195,
      0.013269632099681157,
      0.014198085352807704,
      0.03178520274311516,
      0.019403973033066988,
      0.016190044859699396,
      0.02108194586997508,
      0.02322010523675999,
      0.040021552400668785,
      0.054514661844057795
    ],
    "train_accuracy": [
      0.4972888888888889,
      0.5995777777777778,
      0.6781777777777778,
      0.7313777777777778,
      0.7673555555555556,
      0.8034666666666667,
      0.8347333333333333,
      0.8727111111111111,
      0.8923555555555556,
      0.9182888888888889,
      0.9157777777777778,
      0.9469111111111111,
      0.9589777777777778,
      0.9685333333333334,
      0.9743333333333334,
      0.9714444444444444,
      0.9784,
      0.9860888888888889,
      0.9733111111111111,
      0.9832888888888889,
      0.9885777777777778,
      0.9908888888888889,
      0.9699555555555556,
      0.9863333333333333,
      0.9848666666666667,
      0.9902,
      0.9848666666666667,
      0.9923111111111111,
      0.9848666666666667,
      0.9929333333333333,
      0.9952888888888889,
      0.9891555555555556,
      0.9719111111111111,
      0.9847777777777778,
      0.9911111111111112,
      0.995,
      0.9940666666666667,
      0.9941111111111111,
      0.9935333333333334,
      0.9960444444444444,
      0.9958666666666667,
      0.9886,
      0.9942,
      0.9946444444444444,
      0.9945777777777778,
      0.9934,
      0.9876222222222222,
      0.9801333333333333
    ],
    "val_loss": [
      1.4452325642108916,
      1.231582573056221,
      1.035557173192501,
      0.9317599691450595,
      0.8727802135050297,
      0.8338756904006004,
      0.8094373896718026,
      0.7525233939290047,
      0.7503771662712098,
      0.7455914296209812,
      0.7488597273826599,
      0.7582971677184105,
      0.7621479026973248,
      0.7879123643040657,
      0.7898617133498191,
      0.7622896138578653,
      0.8300963148474694,
      0.801289851218462,
      0.9075228065252304,
      0.8637344527989625,
      0.8473524577915669,
      0.9351484499871731,
      0.8709554817527533,
      0.8480428054928779,
      0.8933794602751732,
      0.9522031579166651,
      0.9260880868881941,
      0.9458308130502701,
      0.9805075630545617,
      0.9234717808663845,
      0.8781322203634773,
      0.9558436542749404,
      0.7127148985862732,
      0.7714161276817322,
      0.865631653368473,
      0.9169516190886497,
      0.9291256345808506,
      0.894021794013679,
      0.9455855891108513,
      0.94974050745368,
      0.9532469421625137,
      0.8908976763486862,
      0.9182000324130059,
      0.9632241822779178,
      0.9462988257408143,
      0.9269235998392105,
      0.8420668117702007,
      0.8975859455764293
    ],
    "val_accuracy": [
      0.4946,
      0.5622,
      0.6274,
      0.6646,
      0.6906,
      0.7076,
      0.7294,
      0.7456,
      0.7506,
      0.7584,
      0.7606,
      0.7656,
      0.774,
      0.7776,
      0.779,
      0.7784,
      0.787,
      0.7902,
      0.785,
      0.7962,
      0.8004,
      0.7962,
      0.7892,
      0.801,
      0.8012,
      0.8036,
      0.804,
      0.8116,
      0.795,
      0.8078,
      0.814,
      0.8046,
      0.8066,
      0.8176,
      0.8186,
      0.8224,
      0.818,
      0.8208,
      0.8192,
      0.823,
      0.8288,
      0.8214,
      0.83,
      0.82,
      0.8298,
      0.8274,
      0.8176,
      0.8024
    ]
  },
  "accuracy": 0.8035,
  "confusion": [
    [
      844.0,
      13.0,
      42.0,
      12.0,
      19.0,
      1.0,
      5.0,
      8.0,
      37.0,
      19.0
    ],
    [
      9.0,
      906.0,
      1.0,
      2.0,
      1.0,
      1.0,
      2.0,
      3.0,
      32.0,
      43.0
    ],
    [
      27.0,
      2.0,
      785.0,
      43.0,
      52.0,
      24.0,
      40.0,
      21.0,
      2.0,
      4.0
    ],
    [
      11.0,
      5.0,
      70.0,
      678.0,
      35.0,
      126.0,
      40.0,
      19.0,
      9.0,
      7.0
    ],
    [
      8.0,
      2.0,
      53.0,
      32.0,
      818.0,
      22.0,
      40.0,
      20.0,
      3.0,
      2.0
    ],
    [
      10.0,
      3.0,
      39.0,
      190.0,
      32.0,
      666.0,
      18.0,
      32.0,
      7.0,
      3.0
    ],
    [
      7.0,
      11.0,
      35.0,
      29.0,
      21.0,
      19.0,
      866.0,
      2.0,
      8.0,
      2.0
    ],
    [
      12.0,
      2.0,
      16.0,
      42.0,
      46.0,
      25.0,
      3.0,
      843.0,
      3.0,
      8.0
    ],
    [
      66.0,
      21.0,
      15.0,
      7.0,
      9.0,
      4.0,
      1.0,
      3.0,
      867.0,
      7.0
    ],
    [
      38.0,
      69.0,
      4.0,
      6.0,
      3.0,
      3.0,
      2.0,
      8.0,
      105.0,
      762.0
    ]
  ],
  "classRecall": [
    0.843999981880188,
    0.906000018119812,
    0.7850000262260437,
    0.6779999732971191,
    0.8180000185966492,
    0.6660000085830688,
    0.8659999966621399,
    0.8429999947547913,
    0.8669999837875366,
    0.7620000243186951
  ],
  "classPrecision": [
    0.817829430103302,
    0.8762089014053345,
    0.7405660152435303,
    0.651296854019165,
    0.7895752787590027,
    0.747474730014801,
    0.8515241146087646,
    0.8790406584739685,
    0.8080149292945862,
    0.8891481757164001
  ],
  "classes": [
    "plane",
    "car",
    "bird",
    "cat",
    "deer",
    "dog",
    "frog",
    "horse",
    "ship",
    "truck"
  ]
}