{
  "name": "student",
  "metrics": {
    "train_loss": [],
    "train_accuracy": [],
    "val_loss": [],
    "val_accuracy": []
  },
  "accuracy": 0.6914,
  "confusion": [
    [
      752.0,
      23.0,
      45.0,
      27.0,
      23.0,
      4.0,
      4.0,
      11.0,
      73.0,
      38.0
    ],
    [
      11.0,
      826.0,
      4.0,
      17.0,
      3.0,
      1.0,
      8.0,
      4.0,
      22.0,
      104.0
    ],
    [
      82.0,
      7.0,
      557.0,
      66.0,
      106.0,
      73.0,
      52.0,
      33.0,
      13.0,
      11.0
    ],
    [
      17.0,
      10.0,
      70.0,
      486.0,
      78.0,
      199.0,
      53.0,
      46.0,
      19.0,
      22.0
    ],
    [
      22.0,
      3.0,
      61.0,
      70.0,
      667.0,
      41.0,
      44.0,
      85.0,
      5.0,
      2.0
    ],
    [
      15.0,
      8.0,
      52.0,
      183.0,
      61.0,
      566.0,
      18.0,
      79.0,
      7.0,
      11.0
    ],
    [
      6.0,
      7.0,
      61.0,
      104.0,
      44.0,
      25.0,
      733.0,
      7.0,
      7.0,
      6.0
    ],
    [
      9.0,
      1.0,
      12.0,
      45.0,
      80.0,
      68.0,
      6.0,
      754.0,
      5.0,
      20.0
    ],
    [
      65.0,
      45.0,
      12.0,
      25.0,
      7.0,
      1.0,
      4.0,
      1.0,
      817.0,
      23.0
    ],
    [
      40.0,
      89.0,
      9.0,
      22.0,
      8.0,
      4.0,
      3.0,
      22.0,
      47.0,
      756.0
    ]
  ],
  "classRecall": [
    0.7519999742507935,
    0.8259999752044678,
    0.5569999814033508,
    0.4860000014305115,
    0.6669999957084656,
    0.5659999847412109,
    0.7329999804496765,
    0.7540000081062317,
    0.8169999718666077,
    0.7559999823570251
  ],
  "classPrecision": [
    0.7379783987998962,
    0.810598611831665,
    0.6308040618896484,
    0.46507176756858826,
    0.6193128824234009,
    0.5763747692108154,
    0.792432427406311,
    0.7236084342002869,
    0.8049260973930359,
    0.7613292932510376
  ],
  "classes": [
    "plane",
    "car",
    "bird",
    "cat",
    "deer",
    "dog",
    "frog",
    "horse",
    "ship",
    "truck"
  ]
}