{
  "name": "model",
  "metrics": {
    "train_loss": [],
    "train_accuracy": [],
    "val_loss": [],
    "val_accuracy": []
  },
  "accuracy": 0.7321,
  "confusion": [
    [
      757.0,
      22.0,
      63.0,
      29.0,
      11.0,
      5.0,
      15.0,
      9.0,
      62.0,
      27.0
    ],
    [
      14.0,
      843.0,
      11.0,
      6.0,
      4.0,
      7.0,
      9.0,
      3.0,
      26.0,
      77.0
    ],
    [
      62.0,
      7.0,
      677.0,
      56.0,
      64.0,
      34.0,
      64.0,
      23.0,
      7.0,
      6.0
    ],
    [
      23.0,
      5.0,
      93.0,
      538.0,
      65.0,
      110.0,
      110.0,
      35.0,
      9.0,
      12.0
    ],
    [
      22.0,
      5.0,
      109.0,
      47.0,
      644.0,
      16.0,
      75.0,
      70.0,
      9.0,
      3.0
    ],
    [
      17.0,
      6.0,
      76.0,
      207.0,
      41.0,
      535.0,
      59.0,
      50.0,
      5.0,
      4.0
    ],
    [
      10.0,
      9.0,
      42.0,
      31.0,
      15.0,
      9.0,
      871.0,
      2.0,
      6.0,
      5.0
    ],
    [
      14.0,
      2.0,
      37.0,
      36.0,
      45.0,
      50.0,
      13.0,
      788.0,
      0.0,
      15.0
    ],
    [
      41.0,
      20.0,
      29.0,
      10.0,
      2.0,
      1.0,
      5.0,
      3.0,
      858.0,
      31.0
    ],
    [
      37.0,
      84.0,
      6.0,
      12.0,
      0.0,
      3.0,
      7.0,
      16.0,
      25.0,
      810.0
    ]
  ],
  "classRecall": [
    0.7570000290870667,
    0.8429999947547913,
    0.6769999861717224,
    0.5379999876022339,
    0.6439999938011169,
    0.5350000262260437,
    0.8709999918937683,
    0.7879999876022339,
    0.8579999804496765,
    0.8100000023841858
  ],
  "classPrecision": [
    0.7592778205871582,
    0.8404785394668579,
    0.5923009514808655,
    0.5534979701042175,
    0.7227833867073059,
    0.6948052048683167,
    0.7092834115028381,
    0.7887887954711914,
    0.8520357608795166,
    0.8181818127632141
  ],
  "classes": [
    "plane",
    "car",
    "bird",
    "cat",
    "deer",
    "dog",
    "frog",
    "horse",
    "ship",
    "truck"
  ]
}