{
  "name": "model",
  "metrics": {
    "train_loss": [],
    "train_accuracy": [],
    "val_loss": [],
    "val_accuracy": []
  },
  "accuracy": 0.6861,
  "confusion": [
    [
      186.0,
      15.0,
      157.0,
      34.0,
      37.0,
      3.0,
      11.0,
      20.0,
      457.0,
      80.0
    ],
    [
      0.0,
      771.0,
      2.0,
      21.0,
      5.0,
      3.0,
      15.0,
      6.0,
      38.0,
      139.0
    ],
    [
      14.0,
      4.0,
      609.0,
      69.0,
      100.0,
      72.0,
      65.0,
      34.0,
      25.0,
      8.0
    ],
    [
      1.0,
      6.0,
      44.0,
      563.0,
      63.0,
      182.0,
      54.0,
      61.0,
      10.0,
      16.0
    ],
    [
      1.0,
      3.0,
      50.0,
      51.0,
      718.0,
      33.0,
      39.0,
      82.0,
      18.0,
      5.0
    ],
    [
      1.0,
      1.0,
      35.0,
      193.0,
      44.0,
      637.0,
      16.0,
      69.0,
      0.0,
      4.0
    ],
    [
      3.0,
      5.0,
      34.0,
      83.0,
      33.0,
      29.0,
      805.0,
      3.0,
      3.0,
      2.0
    ],
    [
      2.0,
      0.0,
      9.0,
      41.0,
      39.0,
      52.0,
      5.0,
      825.0,
      9.0,
      18.0
    ],
    [
      2.0,
      28.0,
      13.0,
      21.0,
      11.0,
      4.0,
      3.0,
      6.0,
      883.0,
      29.0
    ],
    [
      2.0,
      40.0,
      5.0,
      29.0,
      7.0,
      3.0,
      1.0,
      13.0,
      36.0,
      864.0
    ]
  ],
  "classRecall": [
    0.1860000044107437,
    0.7710000276565552,
    0.609000027179718,
    0.5630000233650208,
    0.7179999947547913,
    0.6370000243186951,
    0.8050000071525574,
    0.824999988079071,
    0.8830000162124634,
    0.8640000224113464
  ],
  "classPrecision": [
    0.8773584961891174,
    0.8831614851951599,
    0.6356993913650513,
    0.5095022916793823,
    0.6792809963226318,
    0.6257367134094238,
    0.7938855886459351,
    0.737265408039093,
    0.5970250368118286,
    0.7416309118270874
  ],
  "classes": [
    "plane",
    "car",
    "bird",
    "cat",
    "deer",
    "dog",
    "frog",
    "horse",
    "ship",
    "truck"
  ]
}