{
  "name": "model",
  "metrics": {
    "train_loss": [],
    "train_accuracy": [],
    "val_loss": [],
    "val_accuracy": []
  },
  "accuracy": 0.5974,
  "confusion": [
    [
      0.0,
      50.0,
      367.0,
      25.0,
      62.0,
      5.0,
      4.0,
      31.0,
      387.0,
      69.0
    ],
    [
      0.0,
      753.0,
      5.0,
      18.0,
      8.0,
      1.0,
      10.0,
      6.0,
      20.0,
      179.0
    ],
    [
      0.0,
      4.0,
      483.0,
      79.0,
      243.0,
      77.0,
      62.0,
      25.0,
      14.0,
      13.0
    ],
    [
      0.0,
      12.0,
      93.0,
      520.0,
      98.0,
      153.0,
      64.0,
      27.0,
      4.0,
      29.0
    ],
    [
      0.0,
      2.0,
      48.0,
      74.0,
      723.0,
      24.0,
      50.0,
      66.0,
      7.0,
      6.0
    ],
    [
      0.0,
      4.0,
      78.0,
      261.0,
      69.0,
      493.0,
      41.0,
      44.0,
      1.0,
      9.0
    ],
    [
      0.0,
      9.0,
      58.0,
      76.0,
      87.0,
      12.0,
      750.0,
      2.0,
      5.0,
      1.0
    ],
    [
      0.0,
      3.0,
      38.0,
      44.0,
      111.0,
      88.0,
      12.0,
      679.0,
      2.0,
      23.0
    ],
    [
      0.0,
      73.0,
      30.0,
      22.0,
      26.0,
      2.0,
      3.0,
      7.0,
      753.0,
      84.0
    ],
    [
      0.0,
      67.0,
      11.0,
      27.0,
      12.0,
      5.0,
      5.0,
      24.0,
      29.0,
      820.0
    ]
  ],
  "classRecall": [
    0.0,
    0.753000020980835,
    0.4830000102519989,
    0.5199999809265137,
    0.7229999899864197,
    0.49300000071525574,
    0.75,
    0.6790000200271606,
    0.753000020980835,
    0.8199999928474426
  ],
  "classPrecision": [
    NaN,
    0.77072674036026,
    0.3988439440727234,
    0.45375218987464905,
    0.5024322271347046,
    0.5732558369636536,
    0.7492507696151733,
    0.745334804058075,
    0.6162029504776001,
    0.6650446057319641
  ],
  "classes": [
    "plane",
    "car",
    "bird",
    "cat",
    "deer",
    "dog",
    "frog",
    "horse",
    "ship",
    "truck"
  ]
}