{
  "name": "model",
  "metrics": {
    "train_loss": [],
    "train_accuracy": [],
    "val_loss": [],
    "val_accuracy": []
  },
  "accuracy": 0.7184,
  "confusion": [
    [
      683.0,
      15.0,
      82.0,
      27.0,
      32.0,
      7.0,
      6.0,
      21.0,
      86.0,
      41.0
    ],
    [
      10.0,
      854.0,
      14.0,
      16.0,
      2.0,
      9.0,
      11.0,
      4.0,
      17.0,
      63.0
    ],
    [
      44.0,
      4.0,
      642.0,
      62.0,
      112.0,
      61.0,
      37.0,
      22.0,
      9.0,
      7.0
    ],
    [
      11.0,
      4.0,
      69.0,
      555.0,
      68.0,
      199.0,
      42.0,
      31.0,
      7.0,
      14.0
    ],
    [
      9.0,
      2.0,
      64.0,
      59.0,
      732.0,
      37.0,
      22.0,
      62.0,
      12.0,
      1.0
    ],
    [
      4.0,
      1.0,
      68.0,
      190.0,
      48.0,
      600.0,
      17.0,
      58.0,
      5.0,
      9.0
    ],
    [
      5.0,
      4.0,
      55.0,
      69.0,
      54.0,
      45.0,
      755.0,
      3.0,
      6.0,
      4.0
    ],
    [
      5.0,
      2.0,
      37.0,
      43.0,
      63.0,
      63.0,
      5.0,
      763.0,
      3.0,
      16.0
    ],
    [
      26.0,
      38.0,
      17.0,
      32.0,
      14.0,
      5.0,
      4.0,
      5.0,
      833.0,
      26.0
    ],
    [
      24.0,
      119.0,
      11.0,
      23.0,
      6.0,
      10.0,
      3.0,
      18.0,
      19.0,
      767.0
    ]
  ],
  "classRecall": [
    0.6830000281333923,
    0.8539999723434448,
    0.6420000195503235,
    0.5550000071525574,
    0.7319999933242798,
    0.6000000238418579,
    0.7549999952316284,
    0.7630000114440918,
    0.8330000042915344,
    0.7670000195503235
  ],
  "classPrecision": [
    0.8319122791290283,
    0.818791925907135,
    0.6062322854995728,
    0.5157992839813232,
    0.6472148299217224,
    0.5791505575180054,
    0.8370288014411926,
    0.7730496525764465,
    0.8355064988136292,
    0.8090717196464539
  ],
  "classes": [
    "plane",
    "car",
    "bird",
    "cat",
    "deer",
    "dog",
    "frog",
    "horse",
    "ship",
    "truck"
  ]
}