{
  "name": "model",
  "metrics": {
    "train_loss": [],
    "train_accuracy": [],
    "val_loss": [],
    "val_accuracy": []
  },
  "accuracy": 0.6641,
  "confusion": [
    [
      0.0,
      14.0,
      481.0,
      28.0,
      35.0,
      3.0,
      12.0,
      22.0,
      343.0,
      62.0
    ],
    [
      0.0,
      822.0,
      7.0,
      11.0,
      4.0,
      5.0,
      13.0,
      2.0,
      31.0,
      105.0
    ],
    [
      0.0,
      2.0,
      653.0,
      55.0,
      118.0,
      71.0,
      54.0,
      27.0,
      14.0,
      6.0
    ],
    [
      0.0,
      9.0,
      76.0,
      504.0,
      95.0,
      189.0,
      62.0,
      42.0,
      8.0,
      15.0
    ],
    [
      0.0,
      3.0,
      59.0,
      40.0,
      748.0,
      19.0,
      48.0,
      66.0,
      15.0,
      2.0
    ],
    [
      0.0,
      4.0,
      52.0,
      174.0,
      66.0,
      616.0,
      26.0,
      59.0,
      2.0,
      1.0
    ],
    [
      0.0,
      2.0,
      50.0,
      60.0,
      49.0,
      33.0,
      794.0,
      3.0,
      7.0,
      2.0
    ],
    [
      0.0,
      3.0,
      32.0,
      31.0,
      67.0,
      69.0,
      3.0,
      777.0,
      6.0,
      12.0
    ],
    [
      0.0,
      26.0,
      21.0,
      12.0,
      13.0,
      3.0,
      6.0,
      4.0,
      892.0,
      23.0
    ],
    [
      0.0,
      64.0,
      12.0,
      25.0,
      5.0,
      1.0,
      7.0,
      20.0,
      31.0,
      835.0
    ]
  ],
  "classRecall": [
    0.0,
    0.8220000267028809,
    0.652999997138977,
    0.5040000081062317,
    0.7480000257492065,
    0.6159999966621399,
    0.7940000295639038,
    0.7770000100135803,
    0.8920000195503235,
    0.8349999785423279
  ],
  "classPrecision": [
    NaN,
    0.8661749362945557,
    0.4525294601917267,
    0.5361701846122742,
    0.6233333349227905,
    0.6105054616928101,
    0.7746341228485107,
    0.7602739930152893,
    0.6612305641174316,
    0.7855126857757568
  ],
  "classes": [
    "plane",
    "car",
    "bird",
    "cat",
    "deer",
    "dog",
    "frog",
    "horse",
    "ship",
    "truck"
  ]
}