{
  "name": "model",
  "metrics": {
    "train_loss": [],
    "train_accuracy": [],
    "val_loss": [],
    "val_accuracy": []
  },
  "accuracy": 0.67,
  "confusion": [
    [
      4.0,
      28.0,
      321.0,
      44.0,
      26.0,
      2.0,
      13.0,
      10.0,
      464.0,
      88.0
    ],
    [
      0.0,
      874.0,
      3.0,
      12.0,
      2.0,
      3.0,
      10.0,
      1.0,
      30.0,
      65.0
    ],
    [
      5.0,
      6.0,
      668.0,
      78.0,
      75.0,
      52.0,
      68.0,
      24.0,
      13.0,
      11.0
    ],
    [
      0.0,
      14.0,
      77.0,
      612.0,
      49.0,
      134.0,
      69.0,
      21.0,
      8.0,
      16.0
    ],
    [
      0.0,
      1.0,
      97.0,
      70.0,
      691.0,
      19.0,
      53.0,
      43.0,
      20.0,
      6.0
    ],
    [
      0.0,
      3.0,
      40.0,
      239.0,
      55.0,
      596.0,
      21.0,
      37.0,
      3.0,
      6.0
    ],
    [
      0.0,
      6.0,
      48.0,
      55.0,
      16.0,
      23.0,
      842.0,
      2.0,
      5.0,
      3.0
    ],
    [
      0.0,
      3.0,
      28.0,
      61.0,
      55.0,
      48.0,
      8.0,
      759.0,
      5.0,
      33.0
    ],
    [
      0.0,
      43.0,
      18.0,
      16.0,
      9.0,
      4.0,
      2.0,
      2.0,
      876.0,
      30.0
    ],
    [
      0.0,
      138.0,
      8.0,
      23.0,
      4.0,
      3.0,
      2.0,
      10.0,
      34.0,
      778.0
    ]
  ],
  "classRecall": [
    0.004000000189989805,
    0.8740000128746033,
    0.6679999828338623,
    0.6119999885559082,
    0.6909999847412109,
    0.5960000157356262,
    0.8420000076293945,
    0.7590000033378601,
    0.8759999871253967,
    0.777999997138977
  ],
  "classPrecision": [
    0.4444444477558136,
    0.7831541299819946,
    0.5107033848762512,
    0.5057851076126099,
    0.7036659717559814,
    0.6742081642150879,
    0.7738970518112183,
    0.8349835276603699,
    0.6008230447769165,
    0.7509652376174927
  ],
  "classes": [
    "plane",
    "car",
    "bird",
    "cat",
    "deer",
    "dog",
    "frog",
    "horse",
    "ship",
    "truck"
  ]
}