{
  "name": "model",
  "metrics": {
    "train_loss": [
      1.6845331740650265,
      1.328116063028574,
      1.2052546873350034,
      1.4011641859330914,
      1.5819108201698824,
      1.647264888002114,
      1.6994127556681633,
      1.7851175777614117
    ],
    "train_accuracy": [
      0.47888888888888886,
      0.5451111111111111,
      0.5922222222222222,
      0.5956444444444444,
      0.6369555555555556,
      0.6564222222222222,
      0.6805333333333333,
      0.7251111111111112
    ],
    "val_loss": [
      1.7374269157648086,
      1.3977612018585206,
      1.2799688190221787,
      1.486482372879982,
      1.695011170208454,
      1.770371913909912,
      1.869035856425762,
      2.0138123631477356
    ],
    "val_accuracy": [
      0.4512,
      0.5198,
      0.546,
      0.552,
      0.5796,
      0.5958,
      0.6052,
      0.626
    ]
  },
  "accuracy": 0.6247,
  "confusion": [
    [
      2.0,
      42.0,
      260.0,
      33.0,
      39.0,
      3.0,
      10.0,
      28.0,
      487.0,
      96.0
    ],
    [
      0.0,
      769.0,
      10.0,
      14.0,
      3.0,
      6.0,
      11.0,
      8.0,
      79.0,
      100.0
    ],
    [
      0.0,
      4.0,
      578.0,
      79.0,
      126.0,
      49.0,
      88.0,
      34.0,
      33.0,
      9.0
    ],
    [
      0.0,
      12.0,
      63.0,
      532.0,
      61.0,
      178.0,
      71.0,
      44.0,
      16.0,
      23.0
    ],
    [
      0.0,
      2.0,
      61.0,
      65.0,
      630.0,
      27.0,
      70.0,
      105.0,
      28.0,
      12.0
    ],
    [
      0.0,
      6.0,
      63.0,
      191.0,
      67.0,
      554.0,
      40.0,
      57.0,
      6.0,
      16.0
    ],
    [
      0.0,
      7.0,
      64.0,
      52.0,
      63.0,
      32.0,
      744.0,
      10.0,
      15.0,
      13.0
    ],
    [
      0.0,
      8.0,
      36.0,
      50.0,
      77.0,
      39.0,
      10.0,
      752.0,
      9.0,
      19.0
    ],
    [
      0.0,
      40.0,
      20.0,
      8.0,
      9.0,
      2.0,
      5.0,
      4.0,
      861.0,
      51.0
    ],
    [
      0.0,
      66.0,
      8.0,
      13.0,
      1.0,
      9.0,
      3.0,
      20.0,
      55.0,
      825.0
    ]
  ],
  "classRecall": [
    0.0020000000949949026,
    0.7689999938011169,
    0.578000009059906,
    0.5320000052452087,
    0.6299999952316284,
    0.5540000200271606,
    0.7440000176429749,
    0.7519999742507935,
    0.8610000014305115,
    0.824999988079071
  ],
  "classPrecision": [
    1.0,
    0.8043932914733887,
    0.49699053168296814,
    0.5130183100700378,
    0.5855018496513367,
    0.6162402629852295,
    0.7072243094444275,
    0.7080979347229004,
    0.541850209236145,
    0.7087628841400146
  ],
  "classes": [
    "plane",
    "car",
    "bird",
    "cat",
    "deer",
    "dog",
    "frog",
    "horse",
    "ship",
    "truck"
  ]
}