{
  "name": "model",
  "metrics": {
    "train_loss": [],
    "train_accuracy": [],
    "val_loss": [],
    "val_accuracy": []
  },
  "accuracy": 0.6933,
  "confusion": [
    [
      0.0,
      22.0,
      549.0,
      132.0,
      75.0,
      8.0,
      20.0,
      22.0,
      77.0,
      95.0
    ],
    [
      0.0,
      862.0,
      6.0,
      8.0,
      3.0,
      6.0,
      10.0,
      6.0,
      17.0,
      82.0
    ],
    [
      0.0,
      7.0,
      650.0,
      67.0,
      104.0,
      61.0,
      68.0,
      29.0,
      6.0,
      8.0
    ],
    [
      0.0,
      3.0,
      41.0,
      626.0,
      52.0,
      165.0,
      57.0,
      34.0,
      3.0,
      19.0
    ],
    [
      0.0,
      1.0,
      39.0,
      54.0,
      787.0,
      32.0,
      39.0,
      43.0,
      2.0,
      3.0
    ],
    [
      0.0,
      4.0,
      46.0,
      170.0,
      44.0,
      656.0,
      24.0,
      50.0,
      1.0,
      5.0
    ],
    [
      0.0,
      2.0,
      26.0,
      52.0,
      30.0,
      23.0,
      856.0,
      3.0,
      3.0,
      5.0
    ],
    [
      0.0,
      3.0,
      29.0,
      38.0,
      53.0,
      48.0,
      8.0,
      808.0,
      2.0,
      11.0
    ],
    [
      0.0,
      38.0,
      24.0,
      31.0,
      16.0,
      7.0,
      8.0,
      3.0,
      826.0,
      47.0
    ],
    [
      0.0,
      63.0,
      8.0,
      16.0,
      7.0,
      7.0,
      2.0,
      19.0,
      16.0,
      862.0
    ]
  ],
  "classRecall": [
    0.0,
    0.8619999885559082,
    0.6499999761581421,
    0.6259999871253967,
    0.7870000004768372,
    0.656000018119812,
    0.8560000061988831,
    0.8080000281333923,
    0.8259999752044678,
    0.8619999885559082
  ],
  "classPrecision": [
    NaN,
    0.8577114343643188,
    0.45839211344718933,
    0.5242881178855896,
    0.6720751523971558,
    0.6475814580917358,
    0.7838827967643738,
    0.7944936156272888,
    0.866736650466919,
    0.7581354379653931
  ],
  "classes": [
    "plane",
    "car",
    "bird",
    "cat",
    "deer",
    "dog",
    "frog",
    "horse",
    "ship",
    "truck"
  ]
}