{
  "name": "model",
  "metrics": {
    "train_loss": [],
    "train_accuracy": [],
    "val_loss": [],
    "val_accuracy": []
  },
  "accuracy": 0.7574,
  "confusion": [
    [
      795.0,
      9.0,
      43.0,
      31.0,
      18.0,
      10.0,
      14.0,
      8.0,
      46.0,
      26.0
    ],
    [
      23.0,
      818.0,
      5.0,
      6.0,
      1.0,
      3.0,
      24.0,
      6.0,
      39.0,
      75.0
    ],
    [
      40.0,
      1.0,
      687.0,
      60.0,
      68.0,
      46.0,
      57.0,
      29.0,
      7.0,
      5.0
    ],
    [
      15.0,
      5.0,
      60.0,
      596.0,
      48.0,
      148.0,
      76.0,
      38.0,
      5.0,
      9.0
    ],
    [
      14.0,
      2.0,
      72.0,
      72.0,
      686.0,
      44.0,
      49.0,
      55.0,
      3.0,
      3.0
    ],
    [
      9.0,
      2.0,
      40.0,
      187.0,
      28.0,
      641.0,
      36.0,
      49.0,
      4.0,
      4.0
    ],
    [
      4.0,
      1.0,
      39.0,
      48.0,
      20.0,
      12.0,
      865.0,
      4.0,
      6.0,
      1.0
    ],
    [
      8.0,
      4.0,
      33.0,
      38.0,
      53.0,
      52.0,
      9.0,
      791.0,
      2.0,
      10.0
    ],
    [
      45.0,
      15.0,
      10.0,
      11.0,
      11.0,
      7.0,
      8.0,
      3.0,
      883.0,
      7.0
    ],
    [
      42.0,
      52.0,
      9.0,
      21.0,
      2.0,
      5.0,
      16.0,
      11.0,
      30.0,
      812.0
    ]
  ],
  "classRecall": [
    0.7950000166893005,
    0.8180000185966492,
    0.6869999766349792,
    0.5960000157356262,
    0.6859999895095825,
    0.640999972820282,
    0.8650000095367432,
    0.7910000085830688,
    0.8830000162124634,
    0.8119999766349792
  ],
  "classPrecision": [
    0.7989949584007263,
    0.8998900055885315,
    0.6883767247200012,
    0.5570093393325806,
    0.7336898446083069,
    0.6621900796890259,
    0.7495667338371277,
    0.7957746386528015,
    0.8614634275436401,
    0.8529411554336548
  ],
  "classes": [
    "plane",
    "car",
    "bird",
    "cat",
    "deer",
    "dog",
    "frog",
    "horse",
    "ship",
    "truck"
  ]
}