{
  "name": "student",
  "metrics": {
    "train_loss": [],
    "train_accuracy": [],
    "val_loss": [],
    "val_accuracy": []
  },
  "accuracy": 0.7492,
  "confusion": [
    [
      844.0,
      12.0,
      34.0,
      16.0,
      14.0,
      7.0,
      6.0,
      6.0,
      27.0,
      34.0
    ],
    [
      17.0,
      837.0,
      8.0,
      6.0,
      3.0,
      10.0,
      9.0,
      4.0,
      19.0,
      87.0
    ],
    [
      66.0,
      10.0,
      619.0,
      59.0,
      81.0,
      95.0,
      36.0,
      19.0,
      6.0,
      9.0
    ],
    [
      21.0,
      8.0,
      52.0,
      506.0,
      69.0,
      214.0,
      52.0,
      42.0,
      12.0,
      24.0
    ],
    [
      19.0,
      3.0,
      41.0,
      56.0,
      733.0,
      48.0,
      27.0,
      62.0,
      7.0,
      4.0
    ],
    [
      11.0,
      2.0,
      22.0,
      112.0,
      33.0,
      739.0,
      16.0,
      46.0,
      6.0,
      13.0
    ],
    [
      7.0,
      6.0,
      30.0,
      61.0,
      42.0,
      48.0,
      773.0,
      13.0,
      10.0,
      10.0
    ],
    [
      16.0,
      4.0,
      20.0,
      19.0,
      33.0,
      72.0,
      6.0,
      807.0,
      0.0,
      23.0
    ],
    [
      134.0,
      23.0,
      12.0,
      6.0,
      4.0,
      8.0,
      2.0,
      5.0,
      776.0,
      30.0
    ],
    [
      28.0,
      65.0,
      7.0,
      4.0,
      6.0,
      7.0,
      3.0,
      6.0,
      16.0,
      858.0
    ]
  ],
  "classRecall": [
    0.843999981880188,
    0.8370000123977661,
    0.6190000176429749,
    0.5059999823570251,
    0.7329999804496765,
    0.7390000224113464,
    0.7730000019073486,
    0.8069999814033508,
    0.7760000228881836,
    0.8579999804496765
  ],
  "classPrecision": [
    0.7257093787193298,
    0.8628866076469421,
    0.7325443625450134,
    0.5988165736198425,
    0.7200393080711365,
    0.5921474099159241,
    0.8311827778816223,
    0.7990099191665649,
    0.8828213810920715,
    0.7857142686843872
  ],
  "classes": [
    "plane",
    "car",
    "bird",
    "cat",
    "deer",
    "dog",
    "frog",
    "horse",
    "ship",
    "truck"
  ]
}