{
  "name": "student",
  "metrics": {
    "train_loss": [],
    "train_accuracy": [],
    "val_loss": [],
    "val_accuracy": []
  },
  "accuracy": 0.6725,
  "confusion": [
    [
      734.0,
      32.0,
      41.0,
      23.0,
      20.0,
      6.0,
      4.0,
      16.0,
      91.0,
      33.0
    ],
    [
      19.0,
      812.0,
      9.0,
      5.0,
      8.0,
      9.0,
      5.0,
      7.0,
      34.0,
      92.0
    ],
    [
      104.0,
      14.0,
      503.0,
      36.0,
      112.0,
      127.0,
      34.0,
      51.0,
      12.0,
      7.0
    ],
    [
      35.0,
      13.0,
      66.0,
      412.0,
      67.0,
      256.0,
      47.0,
      54.0,
      26.0,
      24.0
    ],
    [
      51.0,
      5.0,
      47.0,
      57.0,
      667.0,
      52.0,
      28.0,
      72.0,
      14.0,
      7.0
    ],
    [
      26.0,
      2.0,
      47.0,
      108.0,
      48.0,
      683.0,
      15.0,
      43.0,
      19.0,
      9.0
    ],
    [
      17.0,
      14.0,
      44.0,
      78.0,
      72.0,
      56.0,
      687.0,
      14.0,
      11.0,
      7.0
    ],
    [
      39.0,
      7.0,
      28.0,
      28.0,
      81.0,
      89.0,
      6.0,
      692.0,
      6.0,
      24.0
    ],
    [
      98.0,
      37.0,
      14.0,
      9.0,
      7.0,
      7.0,
      7.0,
      7.0,
      770.0,
      44.0
    ],
    [
      40.0,
      97.0,
      5.0,
      8.0,
      6.0,
      8.0,
      4.0,
      27.0,
      40.0,
      765.0
    ]
  ],
  "classRecall": [
    0.734000027179718,
    0.8119999766349792,
    0.503000020980835,
    0.41200000047683716,
    0.6669999957084656,
    0.6830000281333923,
    0.6869999766349792,
    0.6919999718666077,
    0.7699999809265137,
    0.7649999856948853
  ],
  "classPrecision": [
    0.6311264038085938,
    0.7860600352287292,
    0.6256219148635864,
    0.5392670035362244,
    0.6130514740943909,
    0.5282289385795593,
    0.8207885026931763,
    0.7039674520492554,
    0.7526881694793701,
    0.7559288740158081
  ],
  "classes": [
    "plane",
    "car",
    "bird",
    "cat",
    "deer",
    "dog",
    "frog",
    "horse",
    "ship",
    "truck"
  ]
}