{
  "name": "student",
  "metrics": {
    "train_loss": [],
    "train_accuracy": [],
    "val_loss": [],
    "val_accuracy": []
  },
  "accuracy": 0.6479,
  "confusion": [
    [
      621.0,
      16.0,
      27.0,
      54.0,
      49.0,
      34.0,
      13.0,
      19.0,
      67.0,
      100.0
    ],
    [
      15.0,
      727.0,
      10.0,
      10.0,
      4.0,
      18.0,
      18.0,
      6.0,
      14.0,
      178.0
    ],
    [
      60.0,
      12.0,
      411.0,
      66.0,
      183.0,
      127.0,
      63.0,
      52.0,
      9.0,
      17.0
    ],
    [
      18.0,
      7.0,
      33.0,
      475.0,
      76.0,
      234.0,
      92.0,
      26.0,
      10.0,
      29.0
    ],
    [
      25.0,
      2.0,
      23.0,
      81.0,
      677.0,
      38.0,
      56.0,
      83.0,
      10.0,
      5.0
    ],
    [
      11.0,
      1.0,
      27.0,
      179.0,
      54.0,
      629.0,
      29.0,
      44.0,
      6.0,
      20.0
    ],
    [
      6.0,
      3.0,
      27.0,
      54.0,
      85.0,
      30.0,
      765.0,
      9.0,
      8.0,
      13.0
    ],
    [
      23.0,
      3.0,
      20.0,
      65.0,
      69.0,
      118.0,
      19.0,
      648.0,
      2.0,
      33.0
    ],
    [
      105.0,
      31.0,
      12.0,
      24.0,
      12.0,
      24.0,
      13.0,
      5.0,
      669.0,
      105.0
    ],
    [
      22.0,
      38.0,
      4.0,
      12.0,
      9.0,
      18.0,
      8.0,
      19.0,
      13.0,
      857.0
    ]
  ],
  "classRecall": [
    0.6209999918937683,
    0.7269999980926514,
    0.41100001335144043,
    0.4749999940395355,
    0.6769999861717224,
    0.6290000081062317,
    0.7649999856948853,
    0.6480000019073486,
    0.6690000295639038,
    0.8569999933242798
  ],
  "classPrecision": [
    0.6854304671287537,
    0.8654761910438538,
    0.691919207572937,
    0.46568626165390015,
    0.5558292269706726,
    0.4952755868434906,
    0.7109665274620056,
    0.7113062739372253,
    0.8279703259468079,
    0.6315401792526245
  ],
  "classes": [
    "plane",
    "car",
    "bird",
    "cat",
    "deer",
    "dog",
    "frog",
    "horse",
    "ship",
    "truck"
  ]
}