{
  "name": "model",
  "metrics": {
    "train_loss": [
      1.429442147301002,
      1.1261313777755608,
      0.9259499509564855,
      0.8060139766470953,
      0.6577135365964337,
      0.5420693245462396,
      0.445907096717168,
      0.36891706190495327,
      0.29683141342618247,
      0.23450929171998391,
      0.1893492574295537,
      0.14306164482100445
    ],
    "train_accuracy": [
      0.4945333333333333,
      0.6004666666666667,
      0.6743333333333333,
      0.7156666666666667,
      0.7704666666666666,
      0.8149333333333333,
      0.8480888888888889,
      0.8758666666666667,
      0.9030888888888889,
      0.9252444444444444,
      0.9422888888888888,
      0.9567777777777777
    ],
    "val_loss": [
      1.45289343893528,
      1.2143932968378066,
      1.039705640077591,
      0.959762553870678,
      0.8991360545158387,
      0.8065305635333061,
      0.7793716236948967,
      0.7566665649414063,
      0.7452820762991905,
      0.7437104374170304,
      0.7675950318574906,
      0.7419130004942417
    ],
    "val_accuracy": [
      0.476,
      0.5666,
      0.625,
      0.6714,
      0.693,
      0.716,
      0.7278,
      0.7406,
      0.7546,
      0.7636,
      0.766,
      0.7708
    ]
  },
  "accuracy": 0.7667,
  "confusion": [
    [
      810.0,
      11.0,
      48.0,
      23.0,
      18.0,
      2.0,
      8.0,
      12.0,
      45.0,
      23.0
    ],
    [
      24.0,
      864.0,
      3.0,
      14.0,
      2.0,
      5.0,
      9.0,
      3.0,
      23.0,
      53.0
    ],
    [
      46.0,
      3.0,
      689.0,
      62.0,
      85.0,
      31.0,
      60.0,
      19.0,
      3.0,
      2.0
    ],
    [
      13.0,
      4.0,
      53.0,
      616.0,
      58.0,
      132.0,
      68.0,
      30.0,
      5.0,
      21.0
    ],
    [
      14.0,
      1.0,
      63.0,
      37.0,
      728.0,
      35.0,
      50.0,
      65.0,
      3.0,
      4.0
    ],
    [
      5.0,
      1.0,
      44.0,
      214.0,
      43.0,
      620.0,
      23.0,
      45.0,
      2.0,
      3.0
    ],
    [
      9.0,
      3.0,
      43.0,
      44.0,
      45.0,
      26.0,
      820.0,
      1.0,
      4.0,
      5.0
    ],
    [
      17.0,
      2.0,
      19.0,
      45.0,
      39.0,
      44.0,
      9.0,
      809.0,
      1.0,
      15.0
    ],
    [
      58.0,
      32.0,
      13.0,
      10.0,
      8.0,
      2.0,
      5.0,
      3.0,
      852.0,
      17.0
    ],
    [
      29.0,
      50.0,
      6.0,
      16.0,
      3.0,
      4.0,
      2.0,
      6.0,
      25.0,
      859.0
    ]
  ],
  "classRecall": [
    0.8100000023841858,
    0.8640000224113464,
    0.6890000104904175,
    0.6159999966621399,
    0.7279999852180481,
    0.6200000047683716,
    0.8199999928474426,
    0.8090000152587891,
    0.8519999980926514,
    0.859000027179718
  ],
  "classPrecision": [
    0.790243923664093,
    0.8898043036460876,
    0.702344536781311,
    0.5698427557945251,
    0.7074829936027527,
    0.6881242990493774,
    0.777988612651825,
    0.8147029280662537,
    0.8847352266311646,
    0.8572854399681091
  ],
  "classes": [
    "plane",
    "car",
    "bird",
    "cat",
    "deer",
    "dog",
    "frog",
    "horse",
    "ship",
    "truck"
  ]
}