{
  "name": "student",
  "metrics": {
    "train_loss": [],
    "train_accuracy": [],
    "val_loss": [],
    "val_accuracy": []
  },
  "accuracy": 0.6918,
  "confusion": [
    [
      746.0,
      17.0,
      49.0,
      24.0,
      27.0,
      8.0,
      6.0,
      16.0,
      67.0,
      40.0
    ],
    [
      22.0,
      794.0,
      7.0,
      19.0,
      1.0,
      1.0,
      10.0,
      5.0,
      14.0,
      127.0
    ],
    [
      78.0,
      8.0,
      525.0,
      87.0,
      99.0,
      63.0,
      90.0,
      29.0,
      11.0,
      10.0
    ],
    [
      11.0,
      8.0,
      51.0,
      583.0,
      63.0,
      135.0,
      88.0,
      39.0,
      11.0,
      11.0
    ],
    [
      25.0,
      6.0,
      67.0,
      78.0,
      653.0,
      28.0,
      54.0,
      81.0,
      7.0,
      1.0
    ],
    [
      9.0,
      1.0,
      57.0,
      268.0,
      53.0,
      524.0,
      20.0,
      61.0,
      3.0,
      4.0
    ],
    [
      4.0,
      10.0,
      36.0,
      100.0,
      37.0,
      20.0,
      778.0,
      8.0,
      2.0,
      5.0
    ],
    [
      10.0,
      3.0,
      23.0,
      53.0,
      62.0,
      74.0,
      5.0,
      756.0,
      1.0,
      13.0
    ],
    [
      79.0,
      29.0,
      16.0,
      26.0,
      11.0,
      2.0,
      6.0,
      5.0,
      798.0,
      28.0
    ],
    [
      43.0,
      75.0,
      9.0,
      41.0,
      2.0,
      4.0,
      7.0,
      29.0,
      29.0,
      761.0
    ]
  ],
  "classRecall": [
    0.7459999918937683,
    0.7940000295639038,
    0.5249999761581421,
    0.5830000042915344,
    0.652999997138977,
    0.5239999890327454,
    0.777999997138977,
    0.7559999823570251,
    0.7979999780654907,
    0.7609999775886536
  ],
  "classPrecision": [
    0.7263875603675842,
    0.8349106311798096,
    0.625,
    0.4558248519897461,
    0.6478174328804016,
    0.610011637210846,
    0.731203019618988,
    0.7346938848495483,
    0.8462353944778442,
    0.7609999775886536
  ],
  "classes": [
    "plane",
    "car",
    "bird",
    "cat",
    "deer",
    "dog",
    "frog",
    "horse",
    "ship",
    "truck"
  ]
}