{
  "name": "student",
  "metrics": {
    "train_loss": [],
    "train_accuracy": [],
    "val_loss": [],
    "val_accuracy": []
  },
  "accuracy": 0.7088,
  "confusion": [
    [
      728.0,
      23.0,
      66.0,
      25.0,
      26.0,
      2.0,
      4.0,
      14.0,
      66.0,
      46.0
    ],
    [
      20.0,
      840.0,
      5.0,
      4.0,
      3.0,
      3.0,
      7.0,
      6.0,
      22.0,
      90.0
    ],
    [
      59.0,
      6.0,
      601.0,
      58.0,
      79.0,
      61.0,
      80.0,
      37.0,
      8.0,
      11.0
    ],
    [
      16.0,
      8.0,
      90.0,
      495.0,
      67.0,
      169.0,
      77.0,
      50.0,
      8.0,
      20.0
    ],
    [
      25.0,
      3.0,
      75.0,
      54.0,
      686.0,
      17.0,
      53.0,
      75.0,
      9.0,
      3.0
    ],
    [
      11.0,
      4.0,
      55.0,
      197.0,
      44.0,
      540.0,
      25.0,
      113.0,
      4.0,
      7.0
    ],
    [
      4.0,
      12.0,
      37.0,
      49.0,
      38.0,
      25.0,
      817.0,
      10.0,
      4.0,
      4.0
    ],
    [
      13.0,
      3.0,
      28.0,
      41.0,
      51.0,
      46.0,
      7.0,
      791.0,
      4.0,
      16.0
    ],
    [
      63.0,
      39.0,
      34.0,
      17.0,
      5.0,
      3.0,
      7.0,
      0.0,
      803.0,
      29.0
    ],
    [
      34.0,
      80.0,
      10.0,
      18.0,
      3.0,
      6.0,
      5.0,
      28.0,
      29.0,
      787.0
    ]
  ],
  "classRecall": [
    0.7279999852180481,
    0.8399999737739563,
    0.6010000109672546,
    0.4950000047683716,
    0.6859999895095825,
    0.5400000214576721,
    0.8169999718666077,
    0.7910000085830688,
    0.8029999732971191,
    0.7870000004768372
  ],
  "classPrecision": [
    0.7482014298439026,
    0.8251473307609558,
    0.6003996133804321,
    0.5167014598846436,
    0.6846307516098022,
    0.6192660331726074,
    0.7550832033157349,
    0.7037366628646851,
    0.8390804529190063,
    0.7769002914428711
  ],
  "classes": [
    "plane",
    "car",
    "bird",
    "cat",
    "deer",
    "dog",
    "frog",
    "horse",
    "ship",
    "truck"
  ]
}